feature_1,feature_2,correlation,absolute_correlation
mean radius,mean perimeter,0.9978552814938109,0.9978552814938109
worst radius,worst perimeter,0.993707916102949,0.993707916102949
mean radius,mean area,0.9873571700566127,0.9873571700566127
mean perimeter,mean area,0.9865068039913907,0.9865068039913907
worst radius,worst area,0.9840145644590742,0.9840145644590742
worst perimeter,worst area,0.9775780914063871,0.9775780914063871
radius error,perimeter error,0.9727936770160764,0.9727936770160764
mean perimeter,worst perimeter,0.9703868870426394,0.9703868870426394
mean radius,worst radius,0.9695389726112055,0.9695389726112055
mean perimeter,worst radius,0.9694763634663146,0.9694763634663146
mean radius,worst perimeter,0.9651365139559871,0.9651365139559871
mean area,worst radius,0.9627460860470841,0.9627460860470841
mean area,worst area,0.9592133256498998,0.9592133256498998
mean area,worst perimeter,0.9591195743552645,0.9591195743552645
radius error,area error,0.951830112110991,0.951830112110991
mean perimeter,worst area,0.9415498080023068,0.9415498080023068
mean radius,worst area,0.9410824595860461,0.9410824595860461
perimeter error,area error,0.9376554069544157,0.9376554069544157
mean concavity,mean concave points,0.9213910263788588,0.9213910263788588
mean texture,worst texture,0.912044588840421,0.912044588840421
mean concave points,worst concave points,0.9101553142985918,0.9101553142985918
worst compactness,worst concavity,0.8922608987764685,0.8922608987764685
mean concavity,worst concavity,0.8841026390943817,0.8841026390943817
mean compactness,mean concavity,0.8831206701772507,0.8831206701772507
mean compactness,worst compactness,0.8658090398022629,0.8658090398022629
mean concavity,worst concave points,0.861323033637951,0.861323033637951
mean concave points,worst perimeter,0.8559231281343119,0.8559231281343119
worst concavity,worst concave points,0.8554338603439982,0.8554338603439982
mean perimeter,mean concave points,0.8509770412528191,0.8509770412528191
mean compactness,mean concave points,0.831135043133698,0.831135043133698
mean concave points,worst radius,0.8303176311186159,0.8303176311186159
mean area,mean concave points,0.8232688686524342,0.8232688686524342
mean radius,mean concave points,0.8225285223871786,0.8225285223871786
worst perimeter,worst concave points,0.8163221016875439,0.8163221016875439
mean compactness,worst concavity,0.8162752498000281,0.8162752498000281
mean compactness,worst concave points,0.8155732235690644,0.8155732235690644
area error,worst area,0.8114079609317274,0.8114079609317274
worst compactness,worst fractal dimension,0.8104548563116117,0.8104548563116117
mean concave points,worst area,0.809629619909618,0.809629619909618
mean smoothness,worst smoothness,0.8053241954943627,0.8053241954943627
compactness error,fractal dimension error,0.8032688176617679,0.8032688176617679
compactness error,concavity error,0.8012683427383291,0.8012683427383291
worst compactness,worst concave points,0.8010803646352528,0.8010803646352528
mean area,area error,0.8000859212343201,0.8000859212343201
worst radius,worst concave points,0.7874238517122407,0.7874238517122407
concavity error,concave points error,0.7718039949238469,0.7718039949238469
mean perimeter,worst concave points,0.7712407893605497,0.7712407893605497
mean fractal dimension,worst fractal dimension,0.7672967792384361,0.7672967792384361
area error,worst perimeter,0.7612126360687592,0.7612126360687592
area error,worst radius,0.7573731889240164,0.7573731889240164
mean concavity,worst compactness,0.7549680159063962,0.7549680159063962
mean concave points,worst concavity,0.7523994975749643,0.7523994975749643
radius error,worst area,0.7515484761266196,0.7515484761266196
worst area,worst concave points,0.7474188023228167,0.7474188023228167
mean perimeter,area error,0.7449826941190683,0.7449826941190683
mean radius,worst concave points,0.7442141978674661,0.7442141978674661
compactness error,concave points error,0.7440826676953253,0.7440826676953253
mean compactness,compactness error,0.7387217896603929,0.7387217896603929
mean radius,area error,0.7358636632128178,0.7358636632128178
mean area,radius error,0.7325622269972968,0.7325622269972968
perimeter error,worst area,0.7307129731302829,0.7307129731302829
mean concavity,worst perimeter,0.7295649165132018,0.7295649165132018
concavity error,fractal dimension error,0.727372183881192,0.727372183881192
mean area,perimeter error,0.7266283277906844,0.7266283277906844
mean area,worst concave points,0.7220166262603579,0.7220166262603579
perimeter error,worst perimeter,0.7210313099890175,0.7210313099890175
radius error,worst perimeter,0.7196838036650044,0.7196838036650044
mean perimeter,mean concavity,0.7161356501174047,0.7161356501174047
radius error,worst radius,0.715065195135185,0.715065195135185
mean concave points,perimeter error,0.710649871613898,0.710649871613898
mean symmetry,worst symmetry,0.6998257976437302,0.6998257976437302
mean concave points,radius error,0.6980498335607404,0.6980498335607404
perimeter error,worst radius,0.6972005927206456,0.6972005927206456
mean perimeter,perimeter error,0.6931348895408653,0.6931348895408653
mean perimeter,radius error,0.6917650135334819,0.6917650135334819
mean concavity,concavity error,0.6912702075448502,0.6912702075448502
mean concave points,area error,0.6902985397595536,0.6902985397595536
mean concavity,worst radius,0.6882364076436722,0.6882364076436722
mean fractal dimension,fractal dimension error,0.6881315774585519,0.6881315774585519
mean compactness,worst fractal dimension,0.6873823227538974,0.6873823227538974
worst concavity,worst fractal dimension,0.6865109212448633,0.6865109212448633
mean area,mean concavity,0.6859828285519112,0.6859828285519112
mean concavity,concave points error,0.6832599165123261,0.6832599165123261
mean radius,radius error,0.6790903880020743,0.6790903880020743
compactness error,worst compactness,0.6787803543724954,0.6787803543724954
mean radius,mean concavity,0.6767635503908104,0.6767635503908104
mean concavity,worst area,0.6759872313060872,0.6759872313060872
mean radius,perimeter error,0.6741716157641048,0.6741716157641048
mean concavity,compactness error,0.6702788246430194,0.6702788246430194
mean concave points,worst compactness,0.6674536768257124,0.6674536768257124
concavity error,worst concavity,0.6625641337427411,0.6625641337427411
mean concavity,perimeter error,0.6603907872419604,0.6603907872419604
mean smoothness,mean compactness,0.6591232152159234,0.6591232152159234
mean compactness,concave points error,0.642261850971647,0.642261850971647
compactness error,worst concavity,0.6391466977559193,0.6391466977559193
mean concavity,radius error,0.6319248221414899,0.6319248221414899
worst perimeter,worst concavity,0.6183440795335158,0.6183440795335158
worst smoothness,worst fractal dimension,0.6176241916554379,0.6176241916554379
mean concavity,area error,0.6174268058452413,0.6174268058452413
mean concave points,concave points error,0.6156341308969191,0.6156341308969191
worst compactness,worst symmetry,0.6144405011493067,0.6144405011493067
concave points error,fractal dimension error,0.611044139380723,0.611044139380723
mean compactness,mean symmetry,0.6026410484055158,0.6026410484055158
concave points error,worst concave points,0.6024496059209876,0.6024496059209876
fractal dimension error,worst fractal dimension,0.5913280656608751,0.5913280656608751
compactness error,worst fractal dimension,0.5909727625047895,0.5909727625047895
mean compactness,worst perimeter,0.590210427731298,0.590210427731298
mean smoothness,mean fractal dimension,0.5847920019499775,0.5847920019499775
worst radius,worst concavity,0.5739747080993033,0.5739747080993033
mean compactness,concavity error,0.5705168714898889,0.5705168714898889
worst smoothness,worst compactness,0.5681865166856064,0.5681865166856064
mean compactness,worst smoothness,0.5655411663750888,0.5655411663750888
mean compactness,mean fractal dimension,0.565368663414522,0.565368663414522
mean perimeter,worst concavity,0.5638792634736619,0.5638792634736619
mean fractal dimension,compactness error,0.5598366906211326,0.5598366906211326
mean smoothness,mean symmetry,0.5577747880728878,0.5577747880728878
mean perimeter,mean compactness,0.556936210879562,0.556936210879562
perimeter error,concave points error,0.5562640836543961,0.5562640836543961
perimeter error,worst concave points,0.5548972306282103,0.5548972306282103
mean smoothness,mean concave points,0.5536951727437609,0.5536951727437609
concave points error,worst concavity,0.5495923752351922,0.5495923752351922
mean compactness,perimeter error,0.5489052645888235,0.5489052645888235
worst smoothness,worst concave points,0.5476909029497875,0.5476909029497875
worst area,worst concavity,0.5433305254110798,0.5433305254110798
area error,worst concave points,0.5381663138957359,0.5381663138957359
worst symmetry,worst fractal dimension,0.537848206253609,0.537848206253609
mean compactness,worst radius,0.5353153982176662,0.5353153982176662
worst concavity,worst symmetry,0.5325197291183627,0.5325197291183627
radius error,worst concave points,0.5310623278216046,0.5310623278216046
worst perimeter,worst compactness,0.5294076901641023,0.5294076901641023
mean radius,worst concavity,0.5269114618385448,0.5269114618385448
mean smoothness,mean concavity,0.52198376771426,0.52198376771426
worst smoothness,worst concavity,0.5185232928640015,0.5185232928640015
mean concavity,worst fractal dimension,0.5149298906363856,0.5149298906363856
radius error,concave points error,0.5133464414367649,0.5133464414367649
mean area,worst concavity,0.5126059204433239,0.5126059204433239
worst concave points,worst fractal dimension,0.5111141458863395,0.5111141458863395
mean compactness,worst symmetry,0.5102234299218061,0.5102234299218061
mean compactness,worst area,0.50960380555792,0.50960380555792
mean compactness,fractal dimension error,0.5073181269004216,0.5073181269004216
mean radius,mean compactness,0.5061235775263634,0.5061235775263634
mean fractal dimension,worst smoothness,0.5049420753517612,0.5049420753517612
mean smoothness,worst concave points,0.503053353298951,0.503053353298951
worst concave points,worst symmetry,0.5025284938306981,0.5025284938306981
mean concavity,mean symmetry,0.5006666171419609,0.5006666171419609
mean smoothness,worst fractal dimension,0.4993163685937669,0.4993163685937669
mean area,mean compactness,0.49850168215241186,0.49850168215241186
mean compactness,radius error,0.49747344608506183,0.49747344608506183
worst smoothness,worst symmetry,0.4938383302357591,0.4938383302357591
mean concave points,compactness error,0.49042424959357145,0.49042424959357145
concavity error,worst compactness,0.4848578006864688,0.4848578006864688
compactness error,worst concave points,0.48320832682561315,0.48320832682561315
mean symmetry,mean fractal dimension,0.47992133005096926,0.47992133005096926
worst radius,worst compactness,0.47582003746014645,0.47582003746014645
mean symmetry,worst compactness,0.4732000132446185,0.4732000132446185
mean smoothness,worst compactness,0.4724684437304436,0.4724684437304436
mean concave points,mean symmetry,0.4624973883673585,0.4624973883673585
mean fractal dimension,worst compactness,0.4587981566678596,0.4587981566678596
mean perimeter,worst compactness,0.45577422803832723,0.45577422803832723
mean compactness,area error,0.45565285198788846,0.45565285198788846
concave points error,worst compactness,0.4528883773698806,0.4528883773698806
mean concave points,worst smoothness,0.4527530541790488,0.4527530541790488
mean concavity,fractal dimension error,0.4493007490503378,0.4493007490503378
mean symmetry,symmetry error,0.44913654239342854,0.44913654239342854
mean concavity,worst smoothness,0.44882203840476004,0.44882203840476004
mean fractal dimension,concavity error,0.44663032169957156,0.44663032169957156
concavity error,worst concave points,0.44047226304622294,0.44047226304622294
concavity error,worst fractal dimension,0.43932926857579074,0.43932926857579074
mean concave points,concavity error,0.43916706847426173,0.43916706847426173
mean symmetry,worst fractal dimension,0.4384134984446025,0.4384134984446025
worst area,worst compactness,0.4382962837796741,0.4382962837796741
mean smoothness,worst concavity,0.4349257147250878,0.4349257147250878
mean symmetry,worst concavity,0.433721007590172,0.433721007590172
mean symmetry,worst concave points,0.4302966114579543,0.4302966114579543
smoothness error,fractal dimension error,0.4273742067231582,0.4273742067231582
mean symmetry,worst smoothness,0.4266750263849464,0.4266750263849464
mean symmetry,compactness error,0.4216591470050108,0.4216591470050108
perimeter error,worst concavity,0.4188988157305714,0.4188988157305714
perimeter error,compactness error,0.41632236799246164,0.41632236799246164
area error,concave points error,0.4157295683714005,0.4157295683714005
smoothness error,symmetry error,0.4135061252078973,0.4135061252078973
mean radius,worst compactness,0.4134628230608015,0.4134628230608015
texture error,symmetry error,0.41162068019753933,0.41162068019753933
mean concavity,worst symmetry,0.4094641265399853,0.4094641265399853
texture error,worst texture,0.4090027663153059,0.4090027663153059
mean perimeter,concave points error,0.407216915998619,0.407216915998619
mean fractal dimension,smoothness error,0.4019644254484126,0.4019644254484126
texture error,smoothness error,0.3972428526412099,0.3972428526412099
concave points error,worst perimeter,0.3949992517741845,0.3949992517741845
compactness error,symmetry error,0.3947128347620316,0.3947128347620316
mean smoothness,worst symmetry,0.39430948181175646,0.39430948181175646
mean symmetry,concave points error,0.39329787208901684,0.39329787208901684
mean area,worst compactness,0.39041030924249864,0.39041030924249864
fractal dimension error,worst compactness,0.39015884208667484,0.39015884208667484
symmetry error,worst symmetry,0.38940248488464646,0.38940248488464646
mean texture,texture error,0.3863576227244906,0.3863576227244906
area error,worst concavity,0.38510013559852924,0.38510013559852924
mean smoothness,concave points error,0.38067569098328613,0.38067569098328613
radius error,worst concavity,0.38058463462872194,0.38058463462872194
fractal dimension error,worst concavity,0.3799746614570792,0.3799746614570792
mean radius,concave points error,0.3761689559399253,0.3761689559399253
mean concave points,worst symmetry,0.3757441454236111,0.3757441454236111
mean area,concave points error,0.3723202823307104,0.3723202823307104
symmetry error,fractal dimension error,0.3690780833657291,0.3690780833657291
mean concave points,worst fractal dimension,0.36866113371677106,0.36866113371677106
worst texture,worst concavity,0.3683656074599454,0.3683656074599454
worst texture,worst perimeter,0.3650982454086192,0.3650982454086192
perimeter error,concavity error,0.3624815822704489,0.3624815822704489
worst texture,worst compactness,0.36083233859797315,0.36083233859797315
worst radius,worst texture,0.3599207542210483,0.3599207542210483
worst texture,worst concave points,0.3597546095250358,0.3597546095250358
concave points error,worst radius,0.3581266692410426,0.3581266692410426
mean texture,worst perimeter,0.35803957505322415,0.35803957505322415
radius error,compactness error,0.35606457553220283,0.35606457553220283
mean texture,worst radius,0.35257294715029586,0.35257294715029586
mean fractal dimension,worst concavity,0.3462338763480676,0.3462338763480676
worst texture,worst area,0.3458422825267967,0.3458422825267967
mean fractal dimension,symmetry error,0.34500739714372797,0.34500739714372797
mean texture,worst area,0.3435459471864696,0.3435459471864696
mean symmetry,concavity error,0.3426270230777206,0.3426270230777206
concave points error,worst area,0.3422711620926815,0.3422711620926815
perimeter error,worst compactness,0.3419194453712055,0.3419194453712055
mean fractal dimension,concave points error,0.34119804439711815,0.34119804439711815
mean concavity,mean fractal dimension,0.33678335942118504,0.33678335942118504
smoothness error,compactness error,0.33669608050544514,0.33669608050544514
mean fractal dimension,worst symmetry,0.3340186838510839,0.3340186838510839
mean smoothness,smoothness error,0.3323754426475922,0.3323754426475922
radius error,concavity error,0.3323575376076105,0.3323575376076105
mean symmetry,fractal dimension error,0.3317861462731239,0.3317861462731239
mean texture,mean perimeter,0.3295330586865707,0.3295330586865707
smoothness error,concave points error,0.3284294991096789,0.3284294991096789
mean radius,mean texture,0.32378189092773324,0.32378189092773324
mean texture,mean area,0.32108569608020704,0.32108569608020704
mean smoothness,compactness error,0.31894329670537874,0.31894329670537874
smoothness error,worst smoothness,0.31445745598082797,0.31445745598082797
mean symmetry,perimeter error,0.3138927607965131,0.3138927607965131
concave points error,symmetry error,0.3127802232097334,0.3127802232097334
mean radius,mean fractal dimension,-0.3116308263092899,0.3116308263092899
concave points error,worst fractal dimension,0.31065455149383064,0.31065455149383064
concavity error,symmetry error,0.30942857798445156,0.30942857798445156
mean symmetry,radius error,0.30337926320726244,0.30337926320726244
mean perimeter,worst texture,0.30303837155715024,0.30303837155715024
mean texture,mean concavity,0.30241782794389144,0.30241782794389144
mean smoothness,radius error,0.30146709825316975,0.30146709825316975
mean texture,worst concavity,0.30102522381649116,0.30102522381649116
mean concavity,worst texture,0.2998788887096908,0.2998788887096908
mean radius,worst texture,0.29700764398637336,0.29700764398637336
mean smoothness,perimeter error,0.29609193289351476,0.29609193289351476
mean texture,worst concave points,0.2953158433377364,0.2953158433377364
mean texture,mean concave points,0.29346405131394276,0.29346405131394276
mean concave points,worst texture,0.2927517130015173,0.2927517130015173
mean area,worst texture,0.287488627121397,0.287488627121397
radius error,worst compactness,0.28710316560074034,0.28710316560074034
area error,compactness error,0.28484005654116107,0.28484005654116107
mean smoothness,fractal dimension error,0.2836066985468851,0.2836066985468851
area error,worst compactness,0.28325653753745555,0.28325653753745555
mean area,mean fractal dimension,-0.2831098116914261,0.2831098116914261
mean texture,perimeter error,0.28167311478720275,0.28167311478720275
texture error,fractal dimension error,0.2797227477191938,0.2797227477191938
compactness error,worst symmetry,0.277878430714635,0.277878430714635
mean texture,worst compactness,0.2778295924789794,0.2778295924789794
mean texture,radius error,0.27586867617376243,0.27586867617376243
area error,concavity error,0.270894726190632,0.270894726190632
worst perimeter,worst symmetry,0.26949276908381714,0.26949276908381714
smoothness error,concavity error,0.2686847598722627,0.2686847598722627
perimeter error,symmetry error,0.2664870918640224,0.2664870918640224
mean perimeter,mean fractal dimension,-0.26147690806633256,0.26147690806633256
compactness error,worst perimeter,0.26051583964720865,0.26051583964720865
mean texture,area error,0.2598449866100985,0.2598449866100985
mean concave points,fractal dimension error,0.2575837462430327,0.2575837462430327
mean fractal dimension,worst radius,-0.25369149487660986,0.25369149487660986
mean perimeter,compactness error,0.25074368074058806,0.25074368074058806
mean smoothness,concavity error,0.24839567988255598,0.24839567988255598
mean compactness,worst texture,0.2481328332774173,0.2481328332774173
mean smoothness,area error,0.24655243166573562,0.24655243166573562
perimeter error,fractal dimension error,0.24414277341628535,0.24414277341628535
worst radius,worst symmetry,0.2435292042913138,0.2435292042913138
radius error,symmetry error,0.24056736245007102,0.24056736245007102
mean smoothness,worst perimeter,0.23885262620915101,0.23885262620915101
worst perimeter,worst smoothness,0.23677460388606966,0.23677460388606966
mean texture,mean compactness,0.236702222074372,0.236702222074372
worst texture,worst symmetry,0.23302746144531727,0.23302746144531727
mean fractal dimension,worst area,-0.2318544511675603,0.2318544511675603
texture error,compactness error,0.2316996989762371,0.2316996989762371
smoothness error,worst radius,-0.2306907098451477,0.2306907098451477
texture error,concave points error,0.2302833995570338,0.2302833995570338
mean compactness,symmetry error,0.22997659080143223,0.22997659080143223
mean perimeter,concavity error,0.22808234539365832,0.22808234539365832
radius error,fractal dimension error,0.22775353267198026,0.22775353267198026
compactness error,worst smoothness,0.22739423230542308,0.22739423230542308
concavity error,worst perimeter,0.22668042559090154,0.22668042559090154
worst texture,worst smoothness,0.22542941490948662,0.22542941490948662
mean symmetry,area error,0.22397021941762965,0.22397021941762965
texture error,perimeter error,0.223170728630714,0.223170728630714
mean radius,smoothness error,-0.2226001245821115,0.2226001245821115
mean symmetry,worst perimeter,0.21916855911105818,0.21916855911105818
worst texture,worst fractal dimension,0.21912242546315883,0.21912242546315883
smoothness error,worst perimeter,-0.21730375458186166,0.21730375458186166
worst radius,worst smoothness,0.21657443125969564,0.21657443125969564
concave points error,worst smoothness,0.21535059681593355,0.21535059681593355
fractal dimension error,worst concave points,0.21520401331002892,0.21520401331002892
radius error,texture error,0.21324733725115802,0.21324733725115802
mean smoothness,worst radius,0.21312014189594916,0.21312014189594916
mean area,compactness error,0.21258255077923266,0.21258255077923266
worst area,worst symmetry,0.2091455083870789,0.2091455083870789
worst area,worst smoothness,0.20914533376028963,0.20914533376028963
mean area,concavity error,0.20766006048256927,0.20766006048256927
mean perimeter,mean smoothness,0.2072781636910072,0.2072781636910072
mean smoothness,worst area,0.20671836342857688,0.20671836342857688
mean radius,compactness error,0.2059999804076988,0.2059999804076988
mean fractal dimension,worst perimeter,-0.20515121126277344,0.20515121126277344
compactness error,worst radius,0.20460716594748168,0.20460716594748168
mean perimeter,smoothness error,-0.20269402629832212,0.20269402629832212
mean smoothness,symmetry error,0.20077437592048314,0.20077437592048314
perimeter error,worst texture,0.2003708539594511,0.2003708539594511
compactness error,worst area,0.19937132909101393,0.19937132909101393
concavity error,worst symmetry,0.19778782186141097,0.19778782186141097
area error,worst texture,0.19649664907281025,0.19649664907281025
texture error,concavity error,0.19499846445881905,0.19499846445881905
radius error,worst texture,0.19479855683425132,0.19479855683425132
mean radius,concavity error,0.19420362276150882,0.19420362276150882
mean texture,compactness error,0.19197461132396684,0.19197461132396684
mean perimeter,worst symmetry,0.18911504046245775,0.18911504046245775
concavity error,worst area,0.18835265208953067,0.18835265208953067
mean symmetry,smoothness error,0.18732116526139078,0.18732116526139078
concavity error,worst radius,0.1869035156858978,0.1869035156858978
mean symmetry,worst radius,0.18572775349568738,0.18572775349568738
mean perimeter,mean symmetry,0.18302721211685316,0.18302721211685316
smoothness error,worst area,-0.182195478059099,0.182195478059099
mean concavity,symmetry error,0.17800920792087752,0.17800920792087752
mean symmetry,worst area,0.1771933773740968,0.1771933773740968
mean area,mean smoothness,0.1770283772540016,0.1770283772540016
mean fractal dimension,worst concave points,0.17532544924324475,0.17532544924324475
mean radius,mean smoothness,0.17058118749299467,0.17058118749299467
fractal dimension error,worst smoothness,0.17056831595314176,0.17056831595314176
concavity error,worst smoothness,0.16848132079136754,0.16848132079136754
mean concave points,mean fractal dimension,0.1669173832269923,0.1669173832269923
mean area,smoothness error,-0.1667766666011128,0.1667766666011128
radius error,smoothness error,0.16451421981281164,0.16451421981281164
mean fractal dimension,texture error,0.16417396587172883,0.16417396587172883
mean radius,worst symmetry,0.1639533349363072,0.1639533349363072
mean texture,concave points error,0.16385102528521822,0.16385102528521822
mean area,mean symmetry,0.15129307903511224,0.15129307903511224
perimeter error,smoothness error,0.15107533120841296,0.15107533120841296
mean perimeter,worst smoothness,0.1505494043170374,0.1505494043170374
mean radius,mean symmetry,0.14774124199260202,0.14774124199260202
mean area,worst symmetry,0.1435699138890717,0.1435699138890717
mean texture,concavity error,0.14329307656049867,0.14329307656049867
concave points error,worst symmetry,0.14311566863305003,0.14311566863305003
compactness error,worst texture,0.1430025832957166,0.1430025832957166
radius error,worst smoothness,0.14191855291860658,0.14191855291860658
worst perimeter,worst fractal dimension,0.13895686184575767,0.13895686184575767
mean compactness,smoothness error,0.13529926770047143,0.13529926770047143
area error,symmetry error,0.1341089796924749,0.1341089796924749
perimeter error,worst smoothness,0.1300543919910096,0.1300543919910096
texture error,worst symmetry,-0.12821475779252947,0.12821475779252947
symmetry error,worst radius,-0.1281207690727424,0.1281207690727424
mean symmetry,texture error,0.1280529263402561,0.1280529263402561
area error,fractal dimension error,0.12707090297801246,0.12707090297801246
area error,worst smoothness,0.12538943051609117,0.12538943051609117
mean area,worst smoothness,0.12352293875557084,0.12352293875557084
texture error,worst concave points,-0.11963752313984607,0.11963752313984607
mean radius,worst smoothness,0.11961613992160802,0.11961613992160802
mean texture,worst fractal dimension,0.11920535139708567,0.11920535139708567
texture error,worst radius,-0.11169031312493002,0.11169031312493002
texture error,area error,0.11156724721803947,0.11156724721803947
fractal dimension error,worst symmetry,0.11109395575572399,0.11109395575572399
symmetry error,worst area,-0.11034274289549834,0.11034274289549834
perimeter error,worst symmetry,0.1099304342313503,0.1099304342313503
smoothness error,worst symmetry,-0.10734209778914477,0.10734209778914477
mean texture,worst symmetry,0.10500791031597205,0.10500791031597205
mean radius,symmetry error,-0.10432088141786551,0.10432088141786551
symmetry error,worst perimeter,-0.10375304384332498,0.10375304384332498
texture error,worst perimeter,-0.10224192188743278,0.10224192188743278
smoothness error,worst concave points,-0.10200679633746537,0.10200679633746537
smoothness error,worst fractal dimension,0.10148031504252508,0.10148031504252508
concavity error,worst texture,0.10024098374834615,0.10024098374834615
mean concavity,smoothness error,0.09856374579911734,0.09856374579911734
mean radius,texture error,-0.09731744314481319,0.09731744314481319
mean concave points,symmetry error,0.09535078688667675,0.09535078688667675
radius error,worst symmetry,0.09454283035438187,0.09454283035438187
worst radius,worst fractal dimension,0.09349197867930178,0.09349197867930178
texture error,worst compactness,-0.09243935361819372,0.09243935361819372
mean symmetry,worst texture,0.0906506881166432,0.0906506881166432
mean fractal dimension,area error,-0.09017024752042703,0.09017024752042703
mean perimeter,texture error,-0.08676107831179455,0.08676107831179455
concave points error,worst texture,0.08674120994286846,0.08674120994286846
perimeter error,worst fractal dimension,0.0854325720566574,0.0854325720566574
texture error,worst area,-0.08319498858504636,0.08319498858504636
mean perimeter,symmetry error,-0.08162932702839931,0.08162932702839931
worst area,worst fractal dimension,0.07964703402467602,0.07964703402467602
symmetry error,worst fractal dimension,0.07807947627266758,0.07807947627266758
mean texture,worst smoothness,0.077503358822129,0.077503358822129
symmetry error,worst texture,-0.0774734201840788,0.0774734201840788
mean texture,mean fractal dimension,-0.07643718344813423,0.07643718344813423
mean concavity,texture error,0.07621834813534026,0.07621834813534026
area error,smoothness error,0.07515033812199375,0.07515033812199375
smoothness error,worst texture,-0.07474296487675623,0.07474296487675623
area error,worst symmetry,0.07412629159952816,0.07412629159952816
texture error,worst smoothness,-0.07365765910118513,0.07365765910118513
mean area,symmetry error,-0.07249658821176244,0.07249658821176244
mean texture,mean symmetry,0.07140098048331764,0.07140098048331764
texture error,worst concavity,-0.06895622054645592,0.06895622054645592
mean smoothness,texture error,0.06840644817118251,0.06840644817118251
mean area,texture error,-0.06628021360457731,0.06628021360457731
symmetry error,worst compactness,0.06025487946536686,0.06025487946536686
smoothness error,worst concavity,-0.05829838674344549,0.05829838674344549
smoothness error,worst compactness,-0.05555813871505085,0.05555813871505085
mean texture,fractal dimension error,0.054457519568933854,0.054457519568933854
mean fractal dimension,worst texture,-0.05126920203676535,0.05126920203676535
mean perimeter,worst fractal dimension,0.05101852972340705,0.05101852972340705
radius error,worst fractal dimension,0.049559432464573124,0.049559432464573124
mean compactness,texture error,0.04620483071640705,0.04620483071640705
texture error,worst fractal dimension,-0.045654568593207025,0.045654568593207025
mean radius,fractal dimension error,-0.042641269114456294,0.042641269114456294
mean fractal dimension,perimeter error,0.03982993157204734,0.03982993157204734
fractal dimension error,worst radius,-0.037487617862673565,0.037487617862673565
symmetry error,worst concavity,0.03711904859992839,0.03711904859992839
mean smoothness,worst texture,0.03607179878564654,0.03607179878564654
symmetry error,worst concave points,-0.03041339642360094,0.03041339642360094
mean concave points,smoothness error,0.027653308387136005,0.027653308387136005
mean texture,mean smoothness,-0.023388515998423325,0.023388515998423325
fractal dimension error,worst area,-0.022736147308900636,0.022736147308900636
mean concave points,texture error,0.021479581923401776,0.021479581923401776
mean area,fractal dimension error,-0.019886963235068042,0.019886963235068042
area error,worst fractal dimension,0.017539295132385505,0.017539295132385505
symmetry error,worst smoothness,-0.012661799565908998,0.012661799565908998
mean texture,symmetry error,0.009127167755035895,0.009127167755035895
mean radius,worst fractal dimension,0.007065885692182479,0.007065885692182479
mean texture,smoothness error,0.006613777353585514,0.006613777353585514
mean perimeter,fractal dimension error,-0.005523391057003881,0.005523391057003881
mean area,worst fractal dimension,0.003737597351571729,0.003737597351571729
fractal dimension error,worst texture,-0.0031950288680895906,0.0031950288680895906
fractal dimension error,worst perimeter,-0.0010003976259669379,0.0010003976259669379
mean fractal dimension,radius error,0.0001109950726296278,0.0001109950726296278
