CustomerID,Revenue,Orders,Units,AverageOrderValue
CUST00455,37223.5965,9,36,4135.955166666667
CUST01234,34524.786,11,36,3138.6169090909093
CUST01793,34190.026,7,26,4884.289428571428
CUST00925,32400.5955,10,37,3240.05955
CUST00859,32091.936,11,41,2917.4487272727274
CUST01747,31963.033499999998,9,41,3551.4481666666666
CUST01529,31223.92,10,37,3122.392
CUST01571,30477.005,8,29,3809.625625
CUST02157,30248.151500000004,8,36,3781.0189375000004
CUST00182,28452.167999999998,9,37,3161.352
CUST01478,28385.8505,6,23,4730.975083333334
CUST00736,27927.040999999997,6,30,4654.506833333333
CUST00834,27806.2635,10,36,2780.62635
CUST00712,27645.962000000003,6,26,4607.660333333334
CUST01320,27363.049,9,30,3040.3387777777775
CUST01393,27084.876,11,34,2462.2614545454544
CUST00170,27080.952999999998,8,36,3385.1191249999997
CUST00725,26843.256500000003,13,37,2064.865884615385
CUST00483,26839.106,7,24,3834.158
CUST01518,26583.9545,11,30,2416.7231363636365
CUST00650,26318.4905,4,20,6579.622625
CUST01812,26179.163,10,36,2617.9163
CUST02093,25795.5445,9,38,2866.171611111111
CUST01460,25701.429,13,34,1977.033
CUST00148,25644.8525,9,31,2849.4280555555556
CUST00160,25423.979999999996,6,24,4237.329999999999
CUST02062,25353.239,8,25,3169.154875
CUST01160,25282.948500000002,7,26,3611.849785714286
CUST00622,25012.696500000002,9,31,2779.1885
CUST00187,24545.828999999998,8,34,3068.2286249999997
CUST01675,24544.47,7,27,3506.3528571428574
CUST01512,24453.8595,8,30,3056.7324375
CUST01585,24380.305,8,27,3047.538125
CUST01814,24378.34,9,25,2708.7044444444446
CUST00788,24106.136,8,35,3013.267
CUST00655,23962.478,5,25,4792.4956
CUST01148,23851.925000000003,7,25,3407.4178571428574
CUST00610,23680.07,11,29,2152.7336363636364
CUST00165,23507.9305,11,33,2137.084590909091
CUST01992,23436.648999999998,6,22,3906.1081666666664
CUST01210,23390.064,7,24,3341.4377142857143
CUST01554,23309.609,5,20,4661.9218
CUST01578,23263.3765,9,31,2584.819611111111
CUST00936,23160.4185,11,28,2105.4925909090907
CUST01679,23025.670000000002,3,19,7675.223333333334
CUST00799,22932.005,8,29,2866.500625
CUST01504,22850.333000000002,6,28,3808.388833333334
CUST01362,22850.246,4,17,5712.5615
CUST01034,22812.495000000003,8,29,2851.5618750000003
CUST00960,22732.6335,9,30,2525.8481666666667
CUST01693,22716.692,11,31,2065.153818181818
CUST00669,22531.313000000002,9,26,2503.4792222222222
CUST01684,22513.775,12,33,1876.1479166666668
CUST02109,22490.135,5,21,4498.027
CUST01069,22408.068000000003,6,22,3734.6780000000003
CUST01974,22322.1175,6,24,3720.3529166666667
CUST01600,22221.9085,11,33,2020.1735
CUST00320,21877.021500000003,9,30,2430.780166666667
CUST01422,21867.7665,9,24,2429.7518333333337
CUST01016,21850.017499999998,13,32,1680.7705769230768
CUST00676,21701.676,10,35,2170.1675999999998
CUST01909,21696.7075,10,22,2169.67075
CUST01704,21693.7345,7,21,3099.1049285714284
CUST00829,21675.170000000002,6,22,3612.5283333333336
CUST00010,21644.545,6,22,3607.424166666666
CUST00795,21573.928,7,31,3081.9897142857144
CUST00035,21519.8785,8,28,2689.9848125
CUST01942,21517.763000000003,10,36,2151.7763000000004
CUST00729,21481.425,8,30,2685.178125
CUST01780,21473.752,8,29,2684.219
CUST01898,21428.987999999998,8,22,2678.6234999999997
CUST01754,21332.8125,9,33,2370.3125
CUST02125,21248.9605,6,22,3541.4934166666667
CUST02176,21222.45,7,22,3031.7785714285715
CUST00718,21219.1655,9,29,2357.6850555555557
CUST02158,21206.746,8,26,2650.84325
CUST00374,21103.506,6,20,3517.251
CUST00355,21092.474000000002,6,24,3515.4123333333337
CUST00578,21078.653,7,28,3011.2361428571426
CUST01214,21038.8845,8,31,2629.8605625
CUST01399,21034.373,7,22,3004.9104285714284
CUST02142,21030.3465,8,28,2628.7933125
CUST00527,21006.6165,8,33,2625.8270625
CUST02031,20971.3785,10,32,2097.13785
CUST01691,20957.5115,9,28,2328.6123888888887
CUST01645,20876.4575,6,22,3479.4095833333336
CUST00175,20825.5165,6,20,3470.919416666667
CUST02058,20555.55,8,22,2569.44375
CUST01722,20535.718,7,24,2933.674
CUST00158,20516.215,5,17,4103.243
CUST00529,20510.846999999998,7,24,2930.1209999999996
CUST01000,20460.204999999998,7,27,2922.8864285714285
CUST00278,20347.0375,8,26,2543.3796875
CUST00767,20322.96,7,26,2903.2799999999997
CUST01176,20318.5285,7,26,2902.646928571429
CUST01004,20301.788,4,21,5075.447
CUST01046,20221.336,8,33,2527.667
CUST00334,20112.387,7,22,2873.1981428571426
CUST01400,20038.298,12,32,1669.8581666666666
CUST01522,20034.947999999997,5,21,4006.9895999999994
CUST01810,19970.741500000004,9,27,2218.971277777778
CUST00212,19962.7655,6,20,3327.1275833333334
CUST00446,19962.084000000003,7,21,2851.726285714286
CUST01443,19918.71,8,27,2489.83875
CUST00316,19918.538,5,25,3983.7076
CUST01481,19810.316,6,21,3301.719333333333
CUST00047,19783.678499999998,7,23,2826.2397857142855
CUST01597,19709.2655,8,37,2463.6581875
CUST00809,19698.6965,8,24,2462.3370625
CUST00366,19689.1195,8,27,2461.1399375
CUST01883,19679.509000000002,9,29,2186.6121111111115
CUST00995,19676.570499999998,8,24,2459.5713124999997
CUST01857,19600.384000000002,8,23,2450.0480000000002
CUST01590,19597.551,8,21,2449.693875
CUST01830,19568.261,12,29,1630.6884166666666
CUST01173,19550.696500000002,7,22,2792.956642857143
CUST00167,19535.4245,11,28,1775.947681818182
CUST01297,19502.243,10,28,1950.2242999999999
CUST01717,19438.46,7,24,2776.922857142857
CUST00572,19358.824,9,29,2150.9804444444444
CUST00880,19346.068,9,24,2149.563111111111
CUST01965,19286.298,6,22,3214.383
CUST00749,19241.331,5,26,3848.2661999999996
CUST01058,19130.845999999998,7,22,2732.9779999999996
CUST00807,19096.795,9,25,2121.866111111111
CUST00264,19076.499,7,26,2725.2141428571426
CUST00889,19066.2045,10,31,1906.62045
CUST01290,19057.7655,6,17,3176.2942500000004
CUST00790,18965.77,5,21,3793.154
CUST01584,18946.338,8,29,2368.29225
CUST01765,18940.378,9,21,2104.4864444444447
CUST02101,18938.863999999998,7,22,2705.5519999999997
CUST01958,18938.1585,6,17,3156.35975
CUST02050,18898.929,9,33,2099.881
CUST01220,18895.4665,10,36,1889.5466499999998
CUST00173,18895.2285,9,25,2099.4698333333336
CUST00500,18875.6725,8,23,2359.4590625
CUST01487,18775.79,8,23,2346.97375
CUST00053,18775.737999999998,9,21,2086.1931111111107
CUST01513,18761.869,8,25,2345.233625
CUST01510,18732.086,7,21,2676.0122857142856
CUST00253,18713.097999999998,9,25,2079.2331111111107
CUST00401,18619.646,10,29,1861.9646
CUST00758,18591.636000000002,7,28,2655.9480000000003
CUST01378,18579.063,6,23,3096.5105
CUST02068,18513.757,8,25,2314.219625
CUST01784,18505.3615,8,20,2313.1701875
CUST02038,18504.2635,6,27,3084.043916666667
CUST00811,18484.311999999998,9,25,2053.8124444444443
CUST00967,18472.349,9,26,2052.483222222222
CUST00294,18468.0475,8,24,2308.5059375
CUST00552,18423.0905,7,20,2631.870071428571
CUST00787,18416.933,7,25,2630.9904285714288
CUST01933,18377.673,7,26,2625.381857142857
CUST01252,18375.621,11,26,1670.511
CUST01917,18344.7,9,24,2038.3000000000002
CUST00968,18281.89,8,27,2285.23625
CUST00096,18260.163,7,24,2608.5947142857144
CUST01143,18222.4885,7,20,2603.212642857143
CUST01921,18214.0345,5,21,3642.8069000000005
CUST01376,18150.874,8,19,2268.85925
CUST01687,18135.113,11,32,1648.6466363636364
CUST02019,18074.199,6,20,3012.3665
CUST00971,18033.1055,4,18,4508.276375
CUST00539,18022.025999999998,8,24,2252.7532499999998
CUST00009,18002.642499999998,9,27,2000.293611111111
CUST00753,17890.1955,10,21,1789.0195500000002
CUST00052,17884.898999999998,7,19,2554.985571428571
CUST02041,17876.464,8,23,2234.558
CUST00664,17874.311,5,18,3574.8622000000005
CUST00459,17873.702,7,23,2553.386
CUST01318,17873.117000000002,5,21,3574.6234000000004
CUST00560,17862.9675,9,31,1984.7741666666666
CUST01407,17848.750500000002,8,32,2231.0938125000002
CUST01223,17845.8855,5,23,3569.1771
CUST01275,17829.176499999998,6,18,2971.5294166666663
CUST01216,17804.866499999996,8,27,2225.6083124999996
CUST00957,17797.477,7,19,2542.496714285714
CUST01543,17785.945,5,16,3557.189
CUST01968,17729.712,8,23,2216.214
CUST00413,17722.914,6,17,2953.819
CUST01281,17708.627499999995,6,17,2951.437916666666
CUST00635,17568.043,12,27,1464.0035833333334
CUST00223,17515.7445,6,18,2919.29075
CUST02049,17506.8895,10,42,1750.6889500000002
CUST00117,17499.102,7,24,2499.871714285714
CUST01549,17486.178,11,26,1589.6525454545454
CUST00611,17444.128,7,22,2492.018285714286
CUST00991,17431.4885,10,26,1743.14885
CUST01140,17420.665999999997,6,21,2903.444333333333
CUST00261,17420.601000000002,5,25,3484.1202000000003
CUST01737,17412.406499999997,4,16,4353.101624999999
CUST01401,17394.671000000002,6,18,2899.111833333334
CUST01382,17353.665,6,19,2892.2775
CUST01636,17336.6165,8,27,2167.0770625
CUST00250,17336.198,7,27,2476.5997142857145
CUST01072,17329.8875,9,18,1925.5430555555556
CUST02029,17327.2135,10,29,1732.7213500000003
CUST00616,17304.847999999998,6,26,2884.141333333333
CUST00306,17293.448,9,26,1921.4942222222223
CUST01577,17285.449999999997,9,37,1920.6055555555552
CUST01134,17284.236,6,15,2880.706
CUST00901,17267.6505,8,20,2158.4563125
CUST00571,17258.608,7,31,2465.5154285714284
CUST00802,17253.39,7,22,2464.77
CUST00340,17247.771,6,19,2874.6285000000003
CUST00227,17221.709,6,25,2870.284833333333
CUST01124,17197.908499999998,7,26,2456.844071428571
CUST02112,17182.1245,10,24,1718.2124500000002
CUST02139,17175.9365,8,20,2146.9920625
CUST01927,17173.078,8,34,2146.63475
CUST02057,17166.415999999997,5,19,3433.2831999999994
CUST00321,17165.544,8,26,2145.693
CUST01555,17128.5635,8,20,2141.0704375
CUST00902,17099.033,8,20,2137.379125
CUST01767,17074.507,7,23,2439.215285714286
CUST01292,17070.4035,9,27,1896.7115000000001
CUST01838,17066.3795,5,14,3413.2758999999996
CUST01095,17048.4865,8,25,2131.0608125
CUST00863,17043.244,6,21,2840.5406666666663
CUST02199,17038.657,5,15,3407.7313999999997
CUST00952,17020.462,10,22,1702.0462
CUST01725,17001.917,7,23,2428.845285714286
CUST00085,16994.717,7,22,2427.816714285714
CUST01718,16955.1405,8,24,2119.3925625
CUST00095,16938.357,5,16,3387.6714
CUST02113,16932.942,4,15,4233.2355
CUST01840,16909.666,6,25,2818.277666666667
CUST00418,16864.348,8,22,2108.0435
CUST01544,16837.2875,10,26,1683.7287499999998
CUST00927,16832.0625,5,16,3366.4125
CUST01477,16800.1325,8,20,2100.0165625
CUST02148,16742.67,10,24,1674.2669999999998
CUST02085,16740.521999999997,5,22,3348.1043999999993
CUST00941,16729.176499999998,6,23,2788.196083333333
CUST02025,16725.435999999998,9,24,1858.3817777777776
CUST00759,16685.957000000002,8,20,2085.7446250000003
CUST02179,16664.786,7,23,2380.6837142857144
CUST01523,16641.2985,8,20,2080.1623125
CUST00977,16619.867,7,28,2374.266714285714
CUST01775,16617.267,8,17,2077.158375
CUST00007,16585.834,9,27,1842.8704444444443
CUST01428,16570.066,10,33,1657.0066
CUST01002,16567.456,3,14,5522.485333333333
CUST01866,16566.827,7,25,2366.6895714285715
CUST01019,16552.510000000002,9,23,1839.167777777778
CUST01792,16541.732500000002,7,23,2363.104642857143
CUST01442,16512.613,10,29,1651.2613000000001
CUST02167,16489.6145,9,24,1832.1793888888888
CUST00973,16487.335499999997,6,23,2747.8892499999997
CUST00865,16470.832,7,22,2352.9759999999997
CUST01714,16450.915,8,26,2056.364375
CUST00980,16416.3185,6,15,2736.0530833333337
CUST01641,16387.106,4,15,4096.7765
CUST00744,16369.015,7,21,2338.430714285714
CUST00596,16363.17,7,25,2337.595714285714
CUST01618,16352.954,4,19,4088.2385
CUST01459,16352.582999999999,10,24,1635.2583
CUST00438,16347.9615,6,21,2724.66025
CUST00647,16334.249,10,31,1633.4249
CUST01861,16322.6555,5,19,3264.5311
CUST00274,16315.311999999998,7,20,2330.758857142857
CUST00651,16312.071,5,15,3262.4142
CUST00930,16298.428,9,32,1810.9364444444445
CUST01448,16264.231,10,24,1626.4231
CUST00512,16245.917,7,25,2320.8452857142856
CUST01323,16226.253999999999,5,19,3245.2508
CUST00466,16219.021499999999,9,31,1802.1135
CUST01923,16202.021,10,30,1620.2021
CUST00360,16180.460000000001,6,26,2696.7433333333333
CUST01135,16164.235,9,24,1796.0261111111113
CUST01355,16123.024,5,16,3224.6048
CUST00934,16120.375499999998,8,25,2015.0469374999998
CUST00196,16113.037,5,15,3222.6074
CUST00425,16052.732,6,21,2675.4553333333333
CUST01853,16027.0435,9,29,1780.782611111111
CUST00106,15974.601,5,17,3194.9202
CUST01010,15946.85,7,25,2278.1214285714286
CUST00931,15921.6545,5,27,3184.3309
CUST00390,15911.639,10,29,1591.1639
CUST01696,15909.253999999999,8,24,1988.6567499999999
CUST00639,15876.648,7,17,2268.0925714285713
CUST00565,15831.995499999999,6,19,2638.6659166666664
CUST01298,15771.467000000002,6,18,2628.5778333333337
CUST00708,15751.824,8,24,1968.978
CUST00666,15742.6635,8,22,1967.8329375
CUST01312,15738.482,7,17,2248.3545714285715
CUST00782,15688.076000000001,8,21,1961.0095000000001
CUST00127,15646.794,6,21,2607.799
CUST00063,15637.6245,6,13,2606.27075
CUST00752,15637.118999999999,5,22,3127.4237999999996
CUST01258,15633.134999999998,8,22,1954.1418749999998
CUST01978,15627.135499999999,7,22,2232.4479285714283
CUST01368,15616.008,7,18,2230.8582857142856
CUST01351,15586.7495,9,29,1731.8610555555556
CUST01851,15579.950499999999,9,19,1731.105611111111
CUST01682,15577.209,7,23,2225.3155714285717
CUST01264,15556.197,9,24,1728.4663333333333
CUST01387,15551.1325,10,19,1555.1132499999999
CUST00072,15521.922000000002,9,22,1724.6580000000004
CUST01073,15518.179000000002,4,16,3879.5447500000005
CUST00517,15509.876,6,19,2584.979333333333
CUST01760,15507.742,6,24,2584.623666666667
CUST01110,15504.9375,7,16,2214.9910714285716
CUST01209,15474.978,8,27,1934.37225
CUST00592,15461.858,7,22,2208.8368571428573
CUST00716,15453.089,6,21,2575.514833333333
CUST02200,15423.035499999998,4,12,3855.7588749999995
CUST00658,15422.6945,7,16,2203.2420714285713
CUST00805,15421.8,7,24,2203.1142857142854
CUST01802,15419.951000000001,7,22,2202.850142857143
CUST02105,15408.487000000001,4,13,3852.1217500000002
CUST00963,15407.7115,10,32,1540.77115
CUST00114,15403.73,4,13,3850.9325
CUST01553,15401.8745,6,21,2566.979083333333
CUST01129,15387.745499999999,9,21,1709.7495
CUST01480,15380.8,5,17,3076.16
CUST01035,15359.748,7,22,2194.249714285714
CUST01961,15333.518,8,25,1916.68975
CUST00343,15331.241,7,29,2190.1772857142855
CUST00423,15295.777,5,20,3059.1554
CUST01206,15256.4955,7,27,2179.499357142857
CUST00584,15246.419,6,15,2541.0698333333335
CUST01712,15228.5925,10,23,1522.85925
CUST01411,15228.123999999998,11,26,1384.374909090909
CUST00919,15203.245499999999,7,22,2171.892214285714
CUST02002,15193.832,8,21,1899.229
CUST01241,15181.271,7,22,2168.753
CUST02032,15141.266,8,24,1892.65825
CUST00631,15121.207,10,23,1512.1207
CUST00540,15099.4,9,20,1677.711111111111
CUST02020,15089.2435,7,19,2155.6062142857145
CUST00875,15067.792,6,21,2511.2986666666666
CUST00242,15064.4355,7,24,2152.062214285714
CUST00392,15045.2395,8,21,1880.6549375
CUST01837,15035.4945,8,19,1879.4368125
CUST01181,15021.75,8,23,1877.71875
CUST00706,15016.6875,9,27,1668.5208333333333
CUST00075,15013.246000000001,6,21,2502.2076666666667
CUST01043,14978.8265,8,17,1872.3533125
CUST00116,14962.322,7,33,2137.4745714285714
CUST01294,14956.454,9,28,1661.8282222222222
CUST02011,14945.5865,6,20,2490.9310833333334
CUST00929,14945.064999999999,3,20,4981.688333333333
CUST01593,14939.414499999999,9,29,1659.9349444444442
CUST00608,14917.088,5,28,2983.4175999999998
CUST01899,14892.299500000001,6,21,2482.049916666667
CUST00628,14891.368999999999,6,16,2481.8948333333333
CUST01414,14853.3985,7,20,2121.9140714285713
CUST01652,14836.715,8,25,1854.589375
CUST00211,14835.149,5,17,2967.0298
CUST00879,14795.408,5,13,2959.0816
CUST01854,14790.898,5,19,2958.1796
CUST00490,14784.449,6,18,2464.0748333333336
CUST01521,14774.563000000002,5,22,2954.9126000000006
CUST01248,14774.1455,5,16,2954.8291
CUST01758,14773.613999999998,4,18,3693.4034999999994
CUST00480,14744.9965,6,24,2457.4994166666665
CUST02124,14741.715499999998,6,17,2456.952583333333
CUST00124,14739.916000000001,8,25,1842.4895000000001
CUST00533,14733.184499999998,5,17,2946.6368999999995
CUST01511,14708.8665,5,16,2941.7733
CUST01059,14705.256,6,22,2450.8759999999997
CUST02122,14671.6475,6,23,2445.2745833333333
CUST02008,14666.235,9,21,1629.5816666666667
CUST01943,14652.059000000001,6,19,2442.0098333333335
CUST00331,14645.638,3,13,4881.879333333333
CUST01100,14643.3515,4,17,3660.837875
CUST01501,14641.744,8,25,1830.218
CUST01200,14625.076,6,24,2437.5126666666665
CUST00675,14574.913,5,15,2914.9826000000003
CUST02152,14561.498,9,17,1617.9442222222222
CUST01207,14515.7585,8,23,1814.4698125
CUST01970,14493.074499999999,7,17,2070.439214285714
CUST00475,14490.5675,8,20,1811.3209375
CUST00894,14473.02,6,18,2412.17
CUST01213,14461.106999999998,4,24,3615.2767499999995
CUST01113,14438.528,12,24,1203.2106666666666
CUST01080,14437.3745,9,24,1604.152722222222
CUST00363,14432.303,8,23,1804.037875
CUST00133,14403.712500000001,6,21,2400.61875
CUST00202,14401.4345,8,23,1800.1793125
CUST00229,14399.907,6,15,2399.9845
CUST01764,14397.7415,7,20,2056.8202142857144
CUST00247,14388.2755,8,18,1798.5344375
CUST01015,14387.595,5,20,2877.519
CUST02102,14386.2915,8,19,1798.2864375
CUST00149,14379.1445,9,23,1597.6827222222223
CUST00495,14377.7565,5,19,2875.5513
CUST00645,14363.1925,9,24,1595.9102777777778
CUST00907,14351.212000000001,4,14,3587.8030000000003
CUST02082,14335.306,5,19,2867.0612
CUST01276,14331.249499999998,7,21,2047.3213571428569
CUST00549,14310.568,10,20,1431.0567999999998
CUST02035,14309.4115,5,17,2861.8823
CUST02075,14309.0785,6,18,2384.8464166666668
CUST00454,14308.599,7,15,2044.0855714285715
CUST01674,14307.009,5,17,2861.4018
CUST00975,14292.824,7,26,2041.832
CUST00663,14259.6765,6,14,2376.61275
CUST01698,14259.3535,7,19,2037.0504999999998
CUST00440,14256.6835,8,20,1782.0854375
CUST01873,14231.266,7,20,2033.038
CUST00132,14228.974,7,19,2032.7105714285715
CUST01396,14225.7475,7,23,2032.2496428571428
CUST01586,14216.3705,7,21,2030.9100714285717
CUST00679,14212.2165,9,27,1579.1351666666667
CUST00361,14206.3205,7,17,2029.4743571428571
CUST02117,14176.632,7,20,2025.2331428571429
CUST00380,14158.468,4,18,3539.617
CUST00851,14153.46,8,21,1769.1825
CUST01109,14148.4335,4,12,3537.108375
CUST01941,14106.892999999998,8,16,1763.3616249999998
CUST02111,14104.524999999998,3,16,4701.508333333332
CUST00292,14100.331499999998,3,17,4700.1105
CUST01067,14098.872,7,16,2014.1245714285712
CUST00385,14094.383000000002,4,17,3523.5957500000004
CUST01372,14081.222999999998,4,17,3520.3057499999995
CUST00987,14076.146,5,23,2815.2292
CUST00899,14070.59,4,15,3517.6475
CUST01743,14064.7855,5,17,2812.9571
CUST01847,14054.245,7,15,2007.7492857142859
CUST00151,14048.244,11,37,1277.113090909091
CUST01306,14026.5705,6,16,2337.76175
CUST01454,14022.603,7,19,2003.2289999999998
CUST01559,14017.3505,6,22,2336.2250833333333
CUST00794,14012.346,4,15,3503.0865
CUST01371,13999.0855,4,14,3499.771375
CUST00828,13992.308,5,21,2798.4616
CUST01634,13972.112000000001,8,22,1746.5140000000001
CUST01056,13962.3135,6,16,2327.05225
CUST00928,13949.565,6,19,2324.9275000000002
CUST01419,13931.0005,9,21,1547.8889444444444
CUST00634,13920.020499999999,6,15,2320.0034166666665
CUST01379,13915.168000000001,4,17,3478.7920000000004
CUST00270,13909.619,8,21,1738.702375
CUST00699,13897.35,6,16,2316.225
CUST01310,13895.4545,5,15,2779.0909
CUST00422,13885.4505,5,18,2777.0901000000003
CUST01483,13885.046,7,20,1983.578
CUST00193,13878.1445,6,19,2313.0240833333332
CUST01949,13874.805,5,18,2774.9610000000002
CUST01485,13868.445000000002,2,11,6934.222500000001
CUST01267,13853.277999999998,5,19,2770.6555999999996
CUST01870,13771.556,6,15,2295.2593333333334
CUST01388,13751.178,5,13,2750.2356
CUST01574,13750.132500000002,5,18,2750.0265000000004
CUST01005,13739.003499999999,5,17,2747.8007
CUST00147,13728.391,8,21,1716.048875
CUST01759,13723.234,10,26,1372.3234
CUST02098,13716.3835,7,19,1959.4833571428571
CUST00620,13715.816,6,16,2285.9693333333335
CUST00918,13711.685,6,18,2285.2808333333332
CUST00728,13709.683,6,17,2284.947166666667
CUST02128,13696.946,6,20,2282.8243333333335
CUST01433,13688.876999999999,6,13,2281.4795
CUST01572,13683.595,5,12,2736.719
CUST00554,13682.038999999999,7,22,1954.5769999999998
CUST00289,13672.725499999999,8,18,1709.0906874999998
CUST00159,13668.146499999999,7,26,1952.592357142857
CUST01077,13656.177,8,22,1707.022125
CUST01661,13655.335,6,14,2275.8891666666664
CUST01063,13653.0425,4,15,3413.260625
CUST01694,13648.9095,8,27,1706.1136875
CUST00489,13643.733499999998,6,24,2273.955583333333
CUST01894,13628.862000000001,7,21,1946.9802857142859
CUST01070,13621.43,6,15,2270.2383333333332
CUST01017,13617.4935,6,14,2269.58225
CUST00262,13595.672499999999,8,16,1699.4590624999998
CUST01996,13592.257,6,13,2265.3761666666664
CUST00168,13588.0685,8,22,1698.5085625
CUST00194,13588.004,10,21,1358.8004
CUST01020,13578.332,6,15,2263.0553333333332
CUST00441,13575.6195,8,24,1696.9524375
CUST01011,13558.5995,7,24,1936.9427857142857
CUST01165,13546.436,6,22,2257.7393333333334
CUST01948,13536.284,6,20,2256.0473333333334
CUST01527,13531.111499999999,9,25,1503.4568333333332
CUST00080,13524.9845,7,17,1932.140642857143
CUST01724,13510.5975,4,12,3377.649375
CUST01232,13499.9055,6,24,2249.98425
CUST02153,13496.8755,7,21,1928.1250714285713
CUST01980,13475.511,6,18,2245.9185
CUST01406,13471.266,5,13,2694.2532
CUST00150,13468.231,5,15,2693.6462
CUST01285,13467.969,6,24,2244.6614999999997
CUST00819,13465.8825,7,21,1923.6975
CUST00984,13447.57,5,15,2689.514
CUST02189,13420.097,8,21,1677.512125
CUST01079,13344.7415,7,17,1906.3916428571429
CUST00731,13341.446,9,18,1482.3828888888888
CUST02137,13331.374000000002,5,19,2666.2748
CUST01288,13325.976499999999,8,25,1665.7470624999999
CUST01227,13325.603,9,22,1480.6225555555554
CUST00908,13308.046,12,28,1109.0038333333334
CUST00965,13302.208999999999,9,19,1478.023222222222
CUST00693,13294.1945,8,16,1661.7743125
CUST00077,13291.956,7,20,1898.8508571428572
CUST01740,13267.4225,4,12,3316.855625
CUST00161,13255.7645,8,23,1656.9705625
CUST01486,13250.505500000001,7,16,1892.9293571428573
CUST00551,13232.0335,7,17,1890.2904999999998
CUST00460,13229.71,7,21,1889.9585714285713
CUST01706,13223.445,6,15,2203.9075
CUST02145,13221.2575,7,15,1888.7510714285713
CUST00537,13192.886999999999,8,21,1649.1108749999999
CUST01246,13190.3575,6,20,2198.3929166666667
CUST00604,13189.902000000002,4,13,3297.4755000000005
CUST02196,13176.125,6,26,2196.0208333333335
CUST01189,13172.256,7,21,1881.750857142857
CUST01852,13166.407500000001,5,14,2633.2815
CUST01416,13149.0515,8,20,1643.6314375
CUST01602,13146.146,6,20,2191.0243333333333
CUST00770,13144.62,5,17,2628.924
CUST00433,13132.348,9,24,1459.1497777777777
CUST00772,13129.5785,8,20,1641.1973125
CUST00494,13111.407,8,17,1638.925875
CUST01280,13108.7105,8,17,1638.5888125
CUST01408,13104.1145,5,24,2620.8229
CUST00393,13100.36,4,11,3275.09
CUST00354,13096.599999999999,6,17,2182.7666666666664
CUST01340,13077.4515,9,19,1453.0501666666667
CUST01229,13072.4745,10,21,1307.24745
CUST00153,13046.7005,9,22,1449.633388888889
CUST01120,13041.8035,9,19,1449.0892777777779
CUST01599,13007.789,6,18,2167.9648333333334
CUST02047,13006.9845,8,18,1625.8730625
CUST01629,12999.019,6,18,2166.503166666667
CUST00044,12997.8125,5,15,2599.5625
CUST00643,12997.55,8,15,1624.69375
CUST00068,12982.4425,5,14,2596.4885
CUST00135,12980.593,6,14,2163.432166666667
CUST00985,12965.744999999999,7,16,1852.2492857142856
CUST00125,12964.0595,5,13,2592.8118999999997
CUST00695,12962.438999999998,5,18,2592.4878
CUST01710,12947.06,3,16,4315.6866666666665
CUST01535,12924.91,5,21,2584.982
CUST01607,12918.537499999999,8,20,1614.8171874999998
CUST00992,12916.9095,6,20,2152.81825
CUST00766,12904.952,6,17,2150.825333333333
CUST01726,12896.647,9,20,1432.9607777777778
CUST01348,12895.997,6,15,2149.3328333333334
CUST01689,12886.011000000002,7,24,1840.8587142857145
CUST00189,12875.685500000001,4,13,3218.9213750000004
CUST02164,12863.4665,5,14,2572.6933
CUST01357,12842.701000000001,6,20,2140.450166666667
CUST01916,12834.796,8,24,1604.3495
CUST00252,12827.0455,7,19,1832.4350714285715
CUST01117,12824.215,5,14,2564.843
CUST01498,12810.567,6,13,2135.0944999999997
CUST01418,12793.2765,6,21,2132.21275
CUST00781,12774.0985,5,15,2554.8197
CUST01144,12766.277,5,22,2553.2554
CUST00016,12728.7095,6,15,2121.4515833333335
CUST00518,12724.6895,7,15,1817.8127857142858
CUST01735,12723.17,5,22,2544.634
CUST01628,12720.146999999999,6,14,2120.0245
CUST00814,12707.443,4,17,3176.86075
CUST00434,12690.24,6,19,2115.04
CUST00041,12675.424,8,24,1584.428
CUST01259,12675.176,5,14,2535.0352
CUST00049,12661.2255,6,12,2110.2042500000002
CUST00474,12656.921500000002,4,14,3164.2303750000005
CUST01064,12640.505500000001,4,16,3160.1263750000003
CUST01053,12629.144499999999,9,20,1403.2382777777775
CUST00769,12609.171,8,23,1576.146375
CUST00222,12608.4945,7,15,1801.2135
CUST01552,12606.852,8,27,1575.8565
CUST02180,12601.529,9,17,1400.1698888888889
CUST01115,12590.562,3,11,4196.854
CUST01468,12590.3685,8,31,1573.7960625
CUST00215,12577.158,7,23,1796.7368571428572
CUST00881,12571.735,5,16,2514.347
CUST00921,12568.422999999999,5,16,2513.6845999999996
CUST00866,12562.1595,4,11,3140.539875
CUST01284,12562.127,7,18,1794.5895714285714
CUST01656,12553.05,7,22,1793.292857142857
CUST02080,12523.782,7,19,1789.1117142857142
CUST00083,12500.6035,2,14,6250.30175
CUST00982,12486.0545,7,27,1783.7220714285716
CUST01795,12465.486499999999,8,22,1558.1858124999999
CUST01470,12438.169,8,17,1554.771125
CUST01843,12437.5615,5,16,2487.5123
CUST00680,12426.2755,8,24,1553.2844375
CUST01595,12421.484,7,19,1774.4977142857144
CUST00713,12415.135499999999,5,13,2483.0271
CUST00806,12402.158,5,16,2480.4316
CUST01119,12400.1355,5,16,2480.0271000000002
CUST02052,12396.8975,4,14,3099.224375
CUST02000,12392.018499999998,5,18,2478.4037
CUST00145,12391.599,4,12,3097.89975
CUST01605,12380.377,6,23,2063.396166666667
CUST02094,12359.206,5,14,2471.8412
CUST00755,12345.513,6,14,2057.5855
CUST01875,12342.867999999999,8,17,1542.8584999999998
CUST00021,12324.553,6,18,2054.092166666667
CUST02129,12304.271499999999,9,25,1367.1412777777778
CUST00561,12288.122,7,25,1755.446
CUST00883,12283.64,6,13,2047.2733333333333
CUST02007,12279.226,5,17,2455.8452
CUST01327,12270.637499999999,8,18,1533.8296874999999
CUST00382,12269.9465,7,18,1752.8495
CUST01745,12262.1005,6,21,2043.6834166666667
CUST01880,12250.950499999999,4,14,3062.7376249999998
CUST00893,12250.1965,9,19,1361.1329444444445
CUST00636,12243.2615,9,18,1360.362388888889
CUST00612,12238.551500000001,3,10,4079.517166666667
CUST00258,12234.43,4,12,3058.6075
CUST01008,12231.314,8,19,1528.91425
CUST01685,12229.154,7,15,1747.0220000000002
CUST02166,12220.695,6,17,2036.7825
CUST01587,12214.345,6,22,2035.7241666666666
CUST01098,12206.131000000001,8,28,1525.7663750000002
CUST00785,12203.112500000001,7,17,1743.3017857142859
CUST01090,12167.1285,8,16,1520.8910625
CUST00364,12157.9095,5,17,2431.5819
CUST00347,12152.1845,5,16,2430.4368999999997
CUST00277,12142.625,7,22,1734.6607142857142
CUST01935,12140.954,8,16,1517.61925
CUST00039,12135.876,7,16,1733.6965714285714
CUST01013,12133.9935,10,21,1213.3993500000001
CUST01356,12126.597,5,15,2425.3194
CUST00026,12119.4125,8,21,1514.9265625
CUST00760,12112.4805,5,19,2422.4961
CUST01533,12111.714,4,12,3027.9285
CUST01243,12106.3285,7,20,1729.4755
CUST01137,12072.050000000001,8,21,1509.0062500000001
CUST01989,12067.837999999998,8,21,1508.4797499999997
CUST01097,12065.585000000001,6,21,2010.9308333333336
CUST00442,12064.574,7,19,1723.5105714285714
CUST01807,12060.776,7,25,1722.968
CUST01102,12044.001,2,10,6022.0005
CUST01912,12040.938,5,15,2408.1876
CUST00319,12037.819500000001,6,21,2006.3032500000002
CUST00661,12035.124,9,32,1337.2359999999999
CUST01977,12027.528,7,14,1718.2182857142857
CUST00448,11982.513500000001,5,17,2396.5027
CUST01497,11966.616,6,23,1994.436
CUST00467,11951.616,6,21,1991.936
CUST01337,11946.857499999998,5,13,2389.3714999999997
CUST01565,11937.7815,9,26,1326.4201666666665
CUST00600,11935.217499999999,6,17,1989.2029166666664
CUST00134,11920.15,4,15,2980.0375
CUST01541,11917.654,6,16,1986.2756666666667
CUST01244,11896.8665,7,19,1699.552357142857
CUST00546,11894.264,8,15,1486.783
CUST01962,11878.038499999999,6,16,1979.6730833333331
CUST00046,11868.0555,4,14,2967.013875
CUST00632,11867.1025,5,13,2373.4205
CUST01716,11864.879,6,18,1977.4798333333335
CUST01038,11831.495499999999,5,12,2366.2990999999997
CUST01651,11820.385,5,16,2364.077
CUST00510,11807.946,8,21,1475.99325
CUST01240,11770.707499999999,7,22,1681.5296428571426
CUST01104,11765.633,5,18,2353.1266
CUST01317,11760.186999999998,4,13,2940.0467499999995
CUST00503,11752.9875,6,12,1958.83125
CUST01141,11747.6355,6,13,1957.9392500000001
CUST01462,11738.83,7,13,1676.9757142857143
CUST00652,11732.741999999998,8,18,1466.5927499999998
CUST00898,11719.057,5,14,2343.8114
CUST01635,11714.758,7,18,1673.5368571428571
CUST01465,11705.52,4,12,2926.38
CUST02021,11680.037,5,24,2336.0074
CUST01960,11677.6255,6,11,1946.2709166666666
CUST00155,11675.882,6,20,1945.9803333333332
CUST00001,11673.699499999999,6,15,1945.6165833333332
CUST00013,11673.4925,5,14,2334.6985
CUST02140,11655.9615,7,20,1665.1373571428571
CUST00792,11647.091,6,16,1941.1818333333333
CUST01369,11636.822999999999,7,17,1662.4032857142854
CUST01451,11635.926,4,11,2908.9815
CUST01030,11630.2915,7,23,1661.4702142857143
CUST00457,11609.366,5,13,2321.8732
CUST00329,11604.8455,5,13,2320.9691
CUST01447,11603.010499999999,10,20,1160.3010499999998
CUST02065,11602.588500000002,8,20,1450.3235625000002
CUST01782,11588.298499999999,4,13,2897.0746249999997
CUST02074,11579.801,6,13,1929.9668333333332
CUST02160,11579.494999999999,5,13,2315.899
CUST00426,11579.312000000002,3,13,3859.7706666666672
CUST02149,11573.198499999999,2,9,5786.599249999999
CUST00668,11567.3885,5,17,2313.4777
CUST00176,11557.956,8,22,1444.7445
CUST00206,11557.9465,7,17,1651.1352142857143
CUST00857,11537.039,7,22,1648.1484285714287
CUST00029,11532.79,7,15,1647.5414285714287
CUST00281,11527.658,5,15,2305.5316
CUST01888,11523.325499999999,6,15,1920.55425
CUST00798,11517.291,8,16,1439.661375
CUST01990,11513.927,6,18,1918.9878333333334
CUST00417,11508.412499999999,9,19,1278.7124999999999
CUST00964,11478.937,5,14,2295.7874
CUST00391,11465.531,6,16,1910.9218333333336
CUST01855,11464.0845,4,11,2866.021125
CUST02115,11459.539,5,14,2291.9078
CUST01624,11450.009999999998,4,12,2862.5024999999996
CUST00640,11438.7615,7,18,1634.108785714286
CUST00791,11434.417,5,14,2286.8833999999997
CUST01107,11428.489,8,25,1428.561125
CUST00748,11415.4675,4,16,2853.866875
CUST00339,11413.3035,7,17,1630.4719285714286
CUST00720,11410.751,7,16,1630.1072857142858
CUST01910,11405.3975,7,26,1629.3425
CUST01649,11405.2155,6,17,1900.86925
CUST00288,11389.317000000001,4,12,2847.3292500000002
CUST00727,11386.984999999999,7,20,1626.7121428571427
CUST01816,11379.096,5,15,2275.8192
CUST01797,11359.217499999999,7,16,1622.745357142857
CUST00746,11353.970000000001,10,20,1135.3970000000002
CUST01224,11352.649,6,19,1892.1081666666666
CUST00266,11345.4015,7,17,1620.7716428571428
CUST02108,11341.585500000001,5,16,2268.3171
CUST00171,11340.891500000002,7,21,1620.1273571428574
CUST01720,11330.911999999998,5,15,2266.1823999999997
CUST00947,11329.636,7,19,1618.5194285714285
CUST02046,11309.7415,6,11,1884.9569166666668
CUST01328,11308.913,7,24,1615.559
CUST01915,11303.8905,7,13,1614.8415
CUST00370,11301.784,7,23,1614.5405714285714
CUST00400,11298.1625,8,21,1412.2703125
CUST00178,11296.584,5,20,2259.3168
CUST00291,11267.323,2,9,5633.6615
CUST00105,11263.204,4,16,2815.801
CUST02131,11262.7195,7,19,1608.9599285714285
CUST02168,11253.2375,6,16,1875.5395833333332
CUST00279,11250.8815,5,13,2250.1763
CUST01951,11243.755,6,15,1873.9591666666665
CUST01973,11239.667000000001,6,13,1873.2778333333335
CUST00103,11238.49,4,13,2809.6225
CUST02135,11229.681,7,15,1604.240142857143
CUST00419,11225.938,8,18,1403.24225
CUST01785,11223.729,6,14,1870.6215
CUST01183,11223.308,5,14,2244.6616000000004
CUST01877,11214.559500000001,5,14,2242.9119
CUST01580,11208.702,7,16,1601.2431428571429
CUST00689,11196.848,3,10,3732.2826666666665
CUST01269,11183.045,9,20,1242.5605555555555
CUST01920,11174.171,5,10,2234.8342000000002
CUST00903,11167.5055,7,21,1595.3579285714284
CUST02070,11167.001,7,21,1595.2858571428571
CUST01071,11164.693,7,15,1594.9561428571428
CUST00696,11162.99,5,17,2232.598
CUST01256,11162.2495,9,23,1240.2499444444445
CUST01426,11155.424500000001,9,23,1239.4916111111113
CUST01055,11144.149000000001,5,15,2228.8298000000004
CUST00082,11142.535,8,17,1392.816875
CUST01845,11134.14,7,23,1590.5914285714284
CUST01799,11122.5495,7,15,1588.9356428571427
CUST00590,11108.0015,7,20,1586.8573571428572
CUST00341,11104.1955,6,16,1850.69925
CUST01158,11102.945,6,18,1850.4908333333333
CUST02067,11084.534,5,12,2216.9067999999997
CUST01872,11079.486499999999,6,21,1846.5810833333333
CUST01809,11063.098,9,18,1229.2331111111112
CUST00878,11060.112000000001,5,18,2212.0224000000003
CUST01514,11049.6155,6,24,1841.6025833333333
CUST01849,11039.278,7,14,1577.0397142857144
CUST00428,11023.7385,5,12,2204.7477
CUST01536,11023.3525,4,12,2755.838125
CUST01762,11019.677,5,14,2203.9354
CUST02181,11013.028,7,13,1573.2897142857144
CUST01540,10992.9115,5,13,2198.5823
CUST01078,10977.8415,4,16,2744.460375
CUST01776,10963.681,6,16,1827.2801666666667
CUST01068,10954.487,7,15,1564.926714285714
CUST00773,10950.789999999999,8,26,1368.8487499999999
CUST00338,10947.936,5,11,2189.5872
CUST00003,10945.115,8,15,1368.139375
CUST01138,10944.873,2,9,5472.4365
CUST02017,10931.0535,5,13,2186.2107
CUST01505,10930.601999999999,5,20,2186.1204
CUST00998,10925.522,5,21,2185.1044
CUST01841,10920.7165,7,14,1560.1023571428573
CUST00582,10888.624,3,12,3629.541333333333
CUST01502,10885.1545,7,19,1555.0220714285715
CUST01303,10868.938,5,16,2173.7876
CUST01995,10863.401,5,16,2172.6802
CUST01249,10858.2715,4,11,2714.567875
CUST01700,10857.638,3,10,3619.212666666667
CUST01836,10853.618,7,21,1550.5168571428571
CUST01153,10831.5115,5,14,2166.3023000000003
CUST01550,10795.427,5,16,2159.0854
CUST01932,10788.08,3,8,3596.0266666666666
CUST00028,10763.328000000001,4,14,2690.8320000000003
CUST01738,10756.072999999999,6,19,1792.6788333333332
CUST01274,10755.238500000001,6,14,1792.5397500000001
CUST00956,10745.8325,8,14,1343.2290625
CUST00389,10743.189,7,18,1534.7412857142858
CUST00678,10732.723000000002,7,18,1533.246142857143
CUST01506,10730.115,7,16,1532.8735714285715
CUST01149,10721.619,6,19,1786.9365
CUST01196,10705.4475,4,20,2676.361875
CUST00825,10704.2645,7,17,1529.1806428571429
CUST00574,10702.385,7,20,1528.912142857143
CUST00118,10697.0945,3,8,3565.6981666666666
CUST00519,10696.2915,6,19,1782.71525
CUST01701,10696.276,9,27,1188.4751111111111
CUST00478,10695.225999999999,6,13,1782.5376666666664
CUST00826,10675.2145,7,11,1525.0306428571428
CUST00932,10670.581,6,17,1778.4301666666668
CUST00255,10662.767,5,16,2132.5534
CUST01449,10635.455,3,13,3545.1516666666666
CUST01221,10630.7925,5,10,2126.1585
CUST01156,10621.162,4,14,2655.2905
CUST02022,10620.0855,5,16,2124.0171
CUST00050,10614.109,4,11,2653.52725
CUST01345,10609.4575,8,17,1326.1821875
CUST00157,10605.5025,6,14,1767.58375
CUST00671,10581.1345,7,18,1511.590642857143
CUST01201,10575.894,7,21,1510.842
CUST01752,10573.834,6,15,1762.3056666666669
CUST01237,10537.985499999999,8,14,1317.2481874999999
CUST01262,10519.639,7,18,1502.8055714285713
CUST00447,10513.75,5,16,2102.75
CUST01175,10511.9255,3,15,3503.9751666666666
CUST00904,10509.271499999999,6,14,1751.54525
CUST00104,10508.222,7,16,1501.1745714285714
CUST02004,10500.924500000001,7,27,1500.1320714285716
CUST00585,10474.0125,4,10,2618.503125
CUST00362,10464.904999999999,6,15,1744.1508333333331
CUST01171,10459.399000000001,6,16,1743.2331666666669
CUST00411,10444.663,6,14,1740.7771666666667
CUST01394,10441.41,8,19,1305.17625
CUST01471,10440.28,6,12,1740.0466666666669
CUST00496,10432.984499999999,4,10,2608.2461249999997
CUST01314,10425.824999999999,9,19,1158.425
CUST01560,10405.4845,4,14,2601.371125
CUST02104,10394.484,5,14,2078.8968
CUST01291,10388.7115,8,22,1298.5889375
CUST01311,10387.104,5,16,2077.4208
CUST01270,10384.6665,6,15,1730.77775
CUST00757,10380.054,4,10,2595.0135
CUST01614,10366.272500000001,3,8,3455.424166666667
CUST00821,10360.912,6,16,1726.8186666666668
CUST01526,10360.169,6,13,1726.6948333333332
CUST01715,10359.7655,9,20,1151.0850555555555
CUST00656,10347.7055,7,13,1478.243642857143
CUST01301,10341.248,4,9,2585.312
CUST00738,10340.9035,6,12,1723.4839166666668
CUST00593,10319.1055,6,14,1719.8509166666665
CUST00506,10312.654999999999,7,17,1473.2364285714284
CUST00545,10311.018,3,12,3437.006
CUST01736,10306.174,4,9,2576.5435
CUST00283,10296.468499999999,5,19,2059.2936999999997
CUST01863,10288.390000000001,4,14,2572.0975000000003
CUST00961,10266.9275,7,19,1466.7039285714286
CUST01496,10258.061,7,14,1465.4372857142857
CUST01520,10253.0235,5,14,2050.6047
CUST01076,10240.8965,9,18,1137.877388888889
CUST01947,10240.2905,8,17,1280.0363125
CUST01646,10234.993,9,14,1137.2214444444444
CUST01041,10218.696500000002,8,17,1277.3370625000002
CUST00558,10208.907,5,12,2041.7813999999998
CUST00920,10207.2865,5,13,2041.4573
CUST00443,10203.078,3,11,3401.026
CUST01746,10198.201000000001,6,19,1699.7001666666667
CUST02026,10189.7355,6,19,1698.28925
CUST01025,10189.155999999999,5,15,2037.8311999999999
CUST00453,10187.093,7,16,1455.2990000000002
CUST00033,10181.245,5,18,2036.2490000000003
CUST01805,10175.9895,7,18,1453.7127857142857
CUST01188,10172.556499999999,5,17,2034.5112999999997
CUST01596,10166.156,5,12,2033.2312000000002
CUST01074,10165.6,6,15,1694.2666666666667
CUST01309,10163.774,5,19,2032.7548
CUST01576,10158.516,5,14,2031.7032
CUST01819,10147.818000000001,7,19,1449.688285714286
CUST00776,10141.836000000001,5,15,2028.3672000000001
CUST00768,10139.634,3,12,3379.878
CUST01963,10134.169,8,24,1266.771125
CUST02060,10128.569,8,15,1266.071125
CUST01051,10124.71,6,15,1687.4516666666666
CUST01630,10116.479,8,22,1264.559875
CUST02014,10112.5055,6,17,1685.4175833333331
CUST01334,10107.475499999999,4,11,2526.8688749999997
CUST01287,10102.633999999998,6,15,1683.772333333333
CUST00789,10089.289999999999,8,22,1261.1612499999999
CUST00646,10077.497,5,15,2015.4994
CUST00514,10077.108,6,13,1679.518
CUST01969,10060.648,5,26,2012.1295999999998
CUST02161,10049.726999999999,5,14,2009.9453999999998
CUST00924,10046.43,6,19,1674.405
CUST01884,10042.55,4,13,2510.6375
CUST01130,10035.535,4,13,2508.88375
CUST01956,10023.774,9,21,1113.7526666666665
CUST00684,10017.518,6,16,1669.5863333333334
CUST01054,9997.8405,7,20,1428.2629285714286
CUST00895,9977.683,6,13,1662.9471666666668
CUST00372,9974.007,5,15,1994.8013999999998
CUST01695,9973.968,8,16,1246.746
CUST02083,9968.239,5,11,1993.6478
CUST00697,9966.54,4,11,2491.635
CUST01573,9955.376,5,12,1991.0752
CUST01065,9940.081,6,15,1656.6801666666668
CUST00325,9933.516,6,15,1655.586
CUST01322,9928.776,4,19,2482.194
CUST00309,9904.341,8,22,1238.042625
CUST01463,9901.683,4,15,2475.42075
CUST00344,9900.526,2,7,4950.263
CUST01831,9890.1785,5,11,1978.0357
CUST02018,9884.7705,7,16,1412.1100714285715
CUST00405,9882.643,6,13,1647.1071666666667
CUST00314,9852.763500000001,5,13,1970.5527000000002
CUST00741,9850.283,7,16,1407.1832857142856
CUST01611,9847.596000000001,5,13,1969.5192000000002
CUST00591,9843.146,7,16,1406.1637142857144
CUST01440,9840.3305,7,17,1405.7615
CUST00181,9839.984,3,12,3279.994666666667
CUST00205,9823.205,7,18,1403.315
CUST01467,9821.02,4,19,2455.255
CUST02006,9818.496,3,10,3272.832
CUST01509,9814.061,7,17,1402.0087142857142
CUST01528,9811.720500000001,5,10,1962.3441000000003
CUST01734,9795.5795,5,14,1959.1159
CUST01271,9794.6505,3,11,3264.8835
CUST00914,9793.689999999999,3,13,3264.563333333333
CUST00974,9790.4175,8,16,1223.8021875
CUST01395,9784.854,5,14,1956.9707999999998
CUST00501,9784.205999999998,4,12,2446.0514999999996
CUST00356,9773.347,5,9,1954.6694
CUST01967,9770.57,6,16,1628.4283333333333
CUST01150,9760.421,3,12,3253.4736666666668
CUST00008,9753.206,4,14,2438.3015
CUST01101,9723.548,4,9,2430.887
CUST01538,9714.84,6,17,1619.14
CUST01061,9706.8425,8,19,1213.3553125
CUST01901,9695.852,7,21,1385.1217142857145
CUST00619,9668.041000000001,5,11,1933.6082000000001
CUST01813,9663.442,5,14,1932.6883999999998
CUST01386,9651.097000000002,4,12,2412.7742500000004
CUST01567,9646.324999999999,5,11,1929.2649999999999
CUST00290,9634.8075,5,13,1926.9615000000001
CUST01581,9612.8455,6,14,1602.1409166666665
CUST00352,9606.255000000001,4,14,2401.5637500000003
CUST00482,9594.670499999998,3,9,3198.2234999999996
CUST00233,9583.3555,6,17,1597.2259166666665
CUST00462,9581.534,4,11,2395.3835
CUST02163,9580.236,7,20,1368.605142857143
CUST00357,9567.355,7,14,1366.7649999999999
CUST01464,9565.02,4,14,2391.255
CUST01612,9550.5205,5,11,1910.1041
CUST00207,9549.3825,7,19,1364.1975
CUST00719,9521.150000000001,5,17,1904.2300000000002
CUST01204,9514.105,6,20,1585.6841666666667
CUST00112,9506.489,7,23,1358.069857142857
CUST00444,9484.645,6,12,1580.7741666666668
CUST02079,9483.927,7,20,1354.8467142857141
CUST01562,9479.891,5,18,1895.9782
CUST00369,9478.638,4,9,2369.6595
CUST01668,9475.486,4,10,2368.8715
CUST01761,9467.252,9,21,1051.916888888889
CUST00348,9456.738,6,22,1576.1229999999998
CUST00734,9446.3195,6,18,1574.3865833333332
CUST01777,9446.276,6,17,1574.3793333333333
CUST01640,9445.98,3,9,3148.66
CUST01325,9433.74,4,16,2358.435
CUST01871,9425.139,6,17,1570.8564999999999
CUST00403,9423.619,6,15,1570.6031666666668
CUST00949,9421.914,6,11,1570.3190000000002
CUST02154,9412.739,6,17,1568.7898333333333
CUST02120,9397.05,5,13,1879.4099999999999
CUST01031,9387.300000000001,5,14,1877.4600000000003
CUST00765,9387.0305,6,16,1564.5050833333335
CUST01491,9381.037,4,10,2345.25925
CUST00224,9369.72,4,14,2342.43
CUST00838,9361.4875,6,13,1560.2479166666665
CUST02064,9360.413,6,17,1560.0688333333335
CUST01192,9351.554,6,18,1558.5923333333333
CUST00473,9333.348,4,9,2333.337
CUST01446,9323.687,5,13,1864.7374
CUST00966,9320.247,5,15,1864.0493999999999
CUST00353,9311.615,8,24,1163.951875
CUST01245,9295.617,7,14,1327.9452857142858
CUST01713,9292.011,3,8,3097.337
CUST00644,9289.6145,5,18,1857.9229
CUST00556,9268.203,6,18,1544.7005
CUST00064,9264.388500000001,7,17,1323.4840714285715
CUST01692,9263.087,4,10,2315.77175
CUST01563,9259.2075,9,18,1028.8008333333335
CUST01179,9257.367,6,20,1542.8945
CUST00796,9256.078,3,13,3085.3593333333333
CUST01361,9253.641,5,16,1850.7282
CUST00938,9243.2985,8,18,1155.4123125
CUST01867,9243.146999999999,6,16,1540.5244999999998
CUST00042,9242.1345,4,12,2310.533625
CUST01732,9241.482000000002,5,12,1848.2964000000004
CUST01658,9236.5415,5,14,1847.3083
CUST00062,9233.100999999999,5,12,1846.6201999999998
CUST01547,9229.956,5,16,1845.9912
CUST01952,9217.460000000001,4,12,2304.3650000000002
CUST01161,9216.0015,4,10,2304.000375
CUST00163,9205.2235,4,12,2301.305875
CUST00777,9203.966,5,12,1840.7932
CUST00323,9203.209,4,13,2300.80225
CUST01360,9199.892,5,10,1839.9784
CUST00243,9195.8355,6,18,1532.63925
CUST00588,9183.392,3,7,3061.1306666666665
CUST01707,9159.313,3,10,3053.104333333333
CUST00841,9154.341999999999,4,16,2288.5854999999997
CUST00800,9148.343,7,20,1306.9061428571429
CUST00337,9140.6455,4,14,2285.161375
CUST01266,9137.1855,6,11,1522.8642499999999
CUST00237,9127.014500000001,5,14,1825.4029000000003
CUST01570,9122.47,5,11,1824.494
CUST01919,9120.039999999999,6,20,1520.0066666666664
CUST00692,9114.754,4,13,2278.6885
CUST00275,9114.467,6,12,1519.0778333333335
CUST01383,9101.0525,4,12,2275.263125
CUST01808,9095.735499999999,5,13,1819.1470999999997
CUST00420,9091.547999999999,3,14,3030.5159999999996
CUST01579,9061.645999999999,6,17,1510.274333333333
CUST01686,9049.56,5,14,1809.9119999999998
CUST02003,9041.056,4,11,2260.264
CUST01347,9037.5635,5,10,1807.5127
CUST01986,9028.949999999999,5,12,1805.7899999999997
CUST01589,9028.051,8,19,1128.506375
CUST01632,9027.344000000001,5,13,1805.4688
CUST01997,9025.598,5,13,1805.1196
CUST00735,9018.613000000001,5,17,1803.7226000000003
CUST00520,9009.462999999998,6,11,1501.5771666666662
CUST02009,8997.5795,5,19,1799.5158999999999
CUST00204,8991.432,1,6,8991.432
CUST01373,8991.3245,5,17,1798.2649000000001
CUST00891,8983.085,5,24,1796.6169999999997
CUST02170,8982.346,6,14,1497.0576666666666
CUST00458,8976.754,5,16,1795.3508000000002
CUST01295,8971.725999999999,6,12,1495.2876666666664
CUST00024,8968.6765,6,16,1494.7794166666665
CUST01833,8965.4575,6,15,1494.2429166666668
CUST00906,8962.4715,4,12,2240.617875
CUST01858,8957.010999999999,3,13,2985.670333333333
CUST02162,8956.083,7,18,1279.4404285714286
CUST01763,8955.433500000001,5,14,1791.0867000000003
CUST00700,8954.965,7,16,1279.2807142857143
CUST01026,8951.254,4,12,2237.8135
CUST01111,8947.380000000001,4,10,2236.8450000000003
CUST00487,8946.911499999998,6,16,1491.1519166666665
CUST01133,8946.569,8,18,1118.321125
CUST01828,8943.871000000001,6,11,1490.645166666667
CUST01657,8927.991,3,10,2975.997
CUST00843,8905.417000000001,4,10,2226.3542500000003
CUST01534,8898.189,3,10,2966.063
CUST00299,8891.661499999998,5,13,1778.3322999999996
CUST01342,8889.113,6,20,1481.5188333333333
CUST02178,8882.021999999999,7,14,1268.8602857142855
CUST01999,8880.331,3,10,2960.1103333333335
CUST01925,8870.9665,5,19,1774.1933000000001
CUST00942,8869.8905,7,17,1267.1272142857142
CUST00101,8865.158500000001,7,17,1266.4512142857145
CUST01711,8860.886,6,19,1476.8143333333335
CUST01489,8852.905999999999,6,13,1475.484333333333
CUST00336,8846.189999999999,6,11,1474.3649999999998
CUST00409,8845.0985,4,9,2211.274625
CUST01865,8836.5095,6,16,1472.7515833333334
CUST01044,8817.52,6,18,1469.5866666666668
CUST02069,8817.447,3,9,2939.149
CUST01114,8807.405,6,11,1467.9008333333334
CUST00629,8789.812,7,14,1255.6874285714287
CUST00832,8780.0625,4,11,2195.015625
CUST00203,8777.794000000002,5,11,1755.5588000000002
CUST00576,8759.558,7,15,1251.3654285714288
CUST01174,8731.0075,6,14,1455.1679166666665
CUST01476,8718.976999999999,4,8,2179.7442499999997
CUST01545,8717.1265,7,18,1245.3037857142858
CUST00813,8714.795,5,15,1742.959
CUST02034,8711.639,4,13,2177.90975
CUST01456,8710.896499999999,6,17,1451.8160833333332
CUST01215,8709.66,4,9,2177.415
CUST02191,8691.514,4,15,2172.8785
CUST00917,8679.0385,7,14,1239.8626428571429
CUST01142,8671.0815,5,7,1734.2163
CUST01824,8669.37,5,17,1733.8740000000003
CUST01390,8665.5475,8,16,1083.1934375
CUST00742,8663.589,4,15,2165.89725
CUST01678,8662.1095,8,23,1082.7636875
CUST00305,8653.788,6,13,1442.298
CUST00445,8642.983,4,13,2160.74575
CUST01430,8631.755000000001,5,17,1726.351
CUST01950,8626.1755,5,12,1725.2350999999999
CUST01664,8625.346500000001,5,13,1725.0693000000003
CUST01975,8619.5185,6,18,1436.5864166666668
CUST02001,8615.3865,5,10,1723.0773000000002
CUST00059,8613.916500000001,4,11,2153.4791250000003
CUST01982,8613.848,6,12,1435.6413333333333
CUST01233,8611.617999999999,4,13,2152.9044999999996
CUST00846,8606.17,5,14,1721.234
CUST01582,8601.939,6,15,1433.6565
CUST01774,8593.743,5,18,1718.7486000000001
CUST01594,8589.163,5,13,1717.8326000000002
CUST00146,8587.618,4,8,2146.9045
CUST01421,8583.166000000001,4,19,2145.7915000000003
CUST01365,8579.6235,4,13,2144.905875
CUST01755,8578.761999999999,6,11,1429.7936666666665
CUST01116,8576.545999999998,6,13,1429.4243333333332
CUST01844,8570.0025,6,15,1428.33375
CUST01981,8561.483,3,9,2853.8276666666666
CUST00121,8558.134,5,9,1711.6268
CUST01667,8557.261,7,18,1222.4658571428572
CUST01255,8552.3645,4,10,2138.091125
CUST00465,8551.387499999999,6,15,1425.2312499999998
CUST02100,8551.2235,5,12,1710.2447
CUST00970,8546.5215,7,12,1220.931642857143
CUST00709,8544.8535,7,12,1220.693357142857
CUST00308,8542.9715,4,13,2135.742875
CUST01392,8531.4035,5,7,1706.2807
CUST01047,8527.164999999999,6,24,1421.1941666666664
CUST00177,8520.886999999999,4,16,2130.2217499999997
CUST00342,8517.078,3,8,2839.026
CUST00862,8513.862000000001,6,13,1418.977
CUST01178,8489.332,7,16,1212.7617142857143
CUST01750,8484.422999999999,6,13,1414.0704999999998
CUST01250,8477.695,9,20,941.9661111111111
CUST00099,8476.3635,5,14,1695.2727
CUST01302,8466.154,5,11,1693.2308
CUST01128,8462.088,5,17,1692.4176
CUST00607,8455.171999999999,5,14,1691.0343999999998
CUST01643,8426.828,6,16,1404.4713333333332
CUST00310,8414.48,4,13,2103.62
CUST02172,8409.306,6,13,1401.5510000000002
CUST00030,8402.1125,6,17,1400.3520833333332
CUST01723,8399.1415,5,12,1679.8283
CUST00569,8393.878,7,12,1199.1254285714288
CUST01326,8392.341499999999,5,15,1678.4682999999998
CUST00011,8391.7025,7,16,1198.8146428571429
CUST02127,8380.854,4,16,2095.2135
CUST01815,8362.218,2,9,4181.109
CUST01398,8354.807999999999,5,17,1670.9615999999999
CUST02130,8354.362000000001,5,14,1670.8724000000002
CUST01377,8346.3275,4,17,2086.581875
CUST00630,8341.77,5,13,1668.354
CUST00657,8338.9475,6,14,1389.8245833333333
CUST00219,8320.2825,6,18,1386.71375
CUST00406,8318.834,7,11,1188.4048571428573
CUST01811,8317.5595,8,23,1039.6949375
CUST01032,8305.1,3,9,2768.366666666667
CUST00488,8303.414999999999,6,14,1383.9025
CUST02072,8301.892,7,15,1185.9845714285714
CUST00609,8297.239,7,22,1185.319857142857
CUST01003,8263.2315,4,12,2065.807875
CUST00885,8259.785000000002,4,11,2064.9462500000004
CUST01162,8254.9765,6,19,1375.8294166666667
CUST01185,8243.179999999998,4,12,2060.7949999999996
CUST01616,8240.952,5,11,1648.1904
CUST00293,8240.8635,7,19,1177.266214285714
CUST00113,8239.571,3,9,2746.5236666666665
CUST01930,8239.0725,6,11,1373.17875
CUST00996,8233.117,4,11,2058.27925
CUST00120,8231.0745,7,16,1175.867785714286
CUST00090,8215.675,6,17,1369.2791666666665
CUST00856,8209.044,6,12,1368.174
CUST00954,8195.372,7,14,1170.7674285714286
CUST00408,8193.554,4,11,2048.3885
CUST01027,8175.841,7,16,1167.9772857142857
CUST00456,8172.250999999999,5,15,1634.4501999999998
CUST01519,8170.7625,7,18,1167.2517857142857
CUST00142,8167.194,3,10,2722.398
CUST00981,8159.32,8,19,1019.915
CUST01331,8153.682,4,13,2038.4205
CUST00122,8145.088500000001,7,14,1163.5840714285716
CUST00816,8136.2825,6,15,1356.0470833333334
CUST00098,8132.866,5,11,1626.5732
CUST00269,8130.739,6,12,1355.1231666666665
CUST01164,8122.275,5,11,1624.455
CUST00703,8114.386499999999,3,8,2704.7954999999997
CUST01343,8113.532,5,10,1622.7064
CUST02195,8112.630499999999,2,10,4056.3152499999997
CUST01615,8109.74,6,17,1351.6233333333332
CUST01928,8100.736000000001,5,14,1620.1472
CUST01988,8098.046,4,10,2024.5115
CUST00295,8091.687999999999,3,13,2697.229333333333
CUST00430,8081.491,6,15,1346.9151666666667
CUST00737,8071.762000000001,7,13,1153.1088571428572
CUST01983,8054.6445,7,10,1150.6635
CUST00690,8043.1895,5,14,1608.6379000000002
CUST01272,8033.822000000001,3,11,2677.940666666667
CUST01846,8022.871999999999,5,18,1604.5744
CUST00410,8021.26,4,11,2005.315
CUST02051,8019.479,7,15,1145.6398571428572
CUST00244,8019.0435,5,13,1603.8087
CUST00327,8017.1044999999995,5,14,1603.4208999999998
CUST02146,8009.235,4,11,2002.30875
CUST01659,7997.1885,3,11,2665.7295
CUST01445,7982.472,3,8,2660.824
CUST01444,7980.856,6,14,1330.1426666666666
CUST00786,7974.722000000001,5,13,1594.9444
CUST00586,7964.927,5,17,1592.9854
CUST00864,7962.603499999999,7,11,1137.5147857142856
CUST00626,7960.620500000001,4,7,1990.1551250000002
CUST02016,7959.7480000000005,4,10,1989.9370000000001
CUST00623,7950.0599999999995,4,9,1987.5149999999999
CUST00477,7949.04,7,20,1135.577142857143
CUST00531,7938.4055,5,11,1587.6811
CUST00543,7932.754999999999,5,12,1586.551
CUST00005,7931.3125,8,15,991.4140625
CUST01662,7927.2955,7,10,1132.4707857142857
CUST01353,7926.505,5,16,1585.301
CUST00335,7921.093,5,15,1584.2186
CUST00179,7913.762499999999,5,10,1582.7524999999998
CUST01627,7908.364,4,14,1977.091
CUST02182,7893.843,7,15,1127.691857142857
CUST00201,7886.829,3,12,2628.9429999999998
CUST00485,7880.862,4,10,1970.2155
CUST02092,7867.967000000001,7,16,1123.9952857142857
CUST00048,7866.008,5,17,1573.2015999999999
CUST01972,7859.7119999999995,7,17,1122.816
CUST01639,7857.228999999999,5,12,1571.4458
CUST02045,7847.3135,6,11,1307.8855833333334
CUST02095,7845.033,5,9,1569.0066000000002
CUST01049,7839.817999999999,4,8,1959.9544999999998
CUST01405,7829.798000000001,4,6,1957.4495000000002
CUST01507,7826.36,7,16,1118.0514285714285
CUST00498,7810.969999999999,4,7,1952.7424999999998
CUST00070,7810.563,7,16,1115.7947142857142
CUST00169,7807.694,2,9,3903.847
CUST00191,7794.332,2,8,3897.166
CUST00238,7789.040499999999,4,9,1947.2601249999998
CUST00373,7784.5160000000005,4,8,1946.1290000000001
CUST02005,7781.1939999999995,3,7,2593.731333333333
CUST01277,7775.8150000000005,6,17,1295.9691666666668
CUST01644,7775.7595,5,17,1555.1519
CUST00235,7767.532499999999,7,15,1109.6474999999998
CUST01222,7767.232,4,12,1941.808
CUST01282,7748.880499999999,4,12,1937.2201249999998
CUST01650,7738.985,6,14,1289.8308333333332
CUST00123,7736.853999999999,6,9,1289.4756666666665
CUST00526,7736.848999999999,4,9,1934.2122499999998
CUST02030,7732.575500000001,4,11,1933.1438750000002
CUST00672,7727.2425,6,12,1287.87375
CUST00071,7726.6925,6,11,1287.7820833333333
CUST01733,7716.7375,3,14,2572.2458333333334
CUST01235,7712.678,6,11,1285.4463333333333
CUST00579,7706.2525000000005,5,12,1541.2505
CUST00997,7699.3905,5,10,1539.8781000000001
CUST00606,7698.843999999999,4,12,1924.7109999999998
CUST00436,7693.78,5,14,1538.7559999999999
CUST00087,7693.649,5,13,1538.7298
CUST01375,7689.553,6,11,1281.5921666666666
CUST00913,7681.552,6,17,1280.2586666666666
CUST01429,7679.546,5,10,1535.9092
CUST00587,7679.055,6,12,1279.8425
CUST01893,7675.46,6,11,1279.2433333333333
CUST00915,7667.947,6,16,1277.9911666666667
CUST00236,7661.549999999999,4,13,1915.3874999999998
CUST01623,7655.413500000001,6,13,1275.90225
CUST00603,7654.754000000001,5,16,1530.9508
CUST01268,7650.664499999999,5,15,1530.1328999999998
CUST01592,7637.135,6,15,1272.8558333333333
CUST00200,7636.189,7,15,1090.884142857143
CUST02055,7633.815,7,10,1090.5449999999998
CUST00066,7629.9929999999995,6,13,1271.6654999999998
CUST01697,7626.2964999999995,6,11,1271.0494166666665
CUST00625,7620.667,3,8,2540.2223333333336
CUST00461,7615.4710000000005,4,13,1903.8677500000001
CUST02056,7608.22,4,18,1902.055
CUST00312,7605.644499999999,4,13,1901.4111249999999
CUST00538,7604.5375,4,13,1901.134375
CUST00100,7596.12,5,11,1519.224
CUST00226,7595.219,6,16,1265.8698333333334
CUST01397,7581.922,6,13,1263.6536666666666
CUST00156,7575.2225,4,9,1893.805625
CUST01680,7569.593,4,7,1892.39825
CUST00225,7564.652,6,14,1260.7753333333333
CUST01300,7563.322999999999,7,15,1080.4747142857143
CUST00707,7545.284,5,13,1509.0567999999998
CUST01431,7540.88,2,8,3770.44
CUST01887,7539.782,5,15,1507.9564
CUST01673,7536.8,3,10,2512.266666666667
CUST00751,7534.1230000000005,6,13,1255.6871666666668
CUST00911,7528.276500000001,4,10,1882.0691250000002
CUST01864,7527.692,5,18,1505.5384
CUST01469,7512.615,6,13,1252.1025
CUST01787,7492.2995,3,13,2497.4331666666667
CUST01591,7484.778499999999,4,12,1871.1946249999999
CUST00484,7476.3,4,16,1869.075
CUST01676,7454.713,8,16,931.839125
CUST00273,7444.191,5,12,1488.8382
CUST02192,7442.262,6,17,1240.377
CUST00365,7441.3915,4,15,1860.347875
CUST00234,7440.1355,5,10,1488.0271
CUST00333,7438.156,5,9,1487.6312
CUST00688,7431.7925,4,7,1857.948125
CUST00659,7431.4800000000005,4,12,1857.8700000000001
CUST00922,7431.471,5,8,1486.2941999999998
CUST01727,7430.761,6,10,1238.4601666666667
CUST00414,7427.05,4,11,1856.7625
CUST00868,7425.9955,4,14,1856.498875
CUST00589,7423.6925,7,14,1060.5275
CUST00853,7420.954,4,13,1855.2385
CUST00084,7419.914500000001,3,8,2473.3048333333336
CUST01057,7413.3675,3,7,2471.1225
CUST00359,7411.3495,5,9,1482.2699
CUST01768,7404.852,5,14,1480.9704
CUST00523,7390.0845,3,8,2463.3615
CUST02042,7386.1555,5,13,1477.2311
CUST01731,7379.58,2,6,3689.79
CUST01060,7369.7495,4,10,1842.437375
CUST01905,7365.816,5,14,1473.1632
CUST01744,7362.531999999999,3,11,2454.177333333333
CUST01703,7357.634,4,8,1839.4085
CUST00216,7355.8855,5,8,1471.1771
CUST01869,7348.097,5,16,1469.6194
CUST01385,7340.3055,4,9,1835.076375
CUST01359,7329.219,4,14,1832.30475
CUST01415,7326.655000000001,5,14,1465.3310000000001
CUST00129,7324.333500000001,5,14,1464.8667
CUST00890,7321.5599999999995,4,11,1830.3899999999999
CUST01208,7317.511,4,16,1829.37775
CUST00784,7314.720499999999,6,13,1219.1200833333332
CUST00951,7310.789000000001,6,15,1218.4648333333334
CUST01953,7307.97,3,8,2435.9900000000002
CUST01260,7304.7384999999995,4,12,1826.1846249999999
CUST01945,7297.340999999999,5,9,1459.4681999999998
CUST00015,7295.954,5,14,1459.1907999999999
CUST00583,7292.8085,6,8,1215.4680833333334
CUST01530,7292.4005,3,15,2430.8001666666664
CUST00972,7268.963,6,11,1211.4938333333332
CUST00449,7262.842000000001,5,18,1452.5684
CUST01172,7260.381,4,15,1815.09525
CUST00945,7250.24,3,11,2416.7466666666664
CUST00431,7242.523,5,17,1448.5046
CUST01783,7235.5405,5,12,1447.1081
CUST00058,7234.4775,3,8,2411.4925
CUST02107,7224.1849999999995,3,9,2408.0616666666665
CUST00999,7214.737,8,10,901.842125
CUST01036,7192.5109999999995,4,7,1798.1277499999999
CUST02086,7191.204,7,13,1027.3148571428571
CUST02106,7190.391,7,15,1027.1987142857142
CUST01751,7185.996999999999,5,10,1437.1994
CUST01358,7185.7645,3,11,2395.2548333333334
CUST01532,7180.215,2,6,3590.1075
CUST01926,7178.777,3,11,2392.9256666666665
CUST01257,7175.42,4,10,1793.855
CUST01603,7164.16,4,16,1791.04
CUST01647,7158.802000000001,5,11,1431.7604000000001
CUST02089,7158.0470000000005,4,10,1789.5117500000001
CUST01823,7154.911999999999,6,16,1192.4853333333333
CUST00581,7153.5535,5,16,1430.7107
CUST01413,7150.419499999999,4,14,1787.6048749999998
CUST01929,7146.8099999999995,4,12,1786.7024999999999
CUST01324,7146.595499999999,3,7,2382.1985
CUST02156,7142.6325,4,11,1785.658125
CUST01085,7137.963,4,12,1784.49075
CUST02151,7136.469000000001,3,12,2378.8230000000003
CUST01147,7121.2,6,10,1186.8666666666666
CUST01247,7120.414000000001,4,14,1780.1035000000002
CUST01305,7111.603,7,18,1015.9432857142857
CUST01194,7078.88,5,11,1415.776
CUST00358,7078.471,5,10,1415.6942
CUST02165,7073.3105,4,13,1768.327625
CUST01895,7069.0125,7,16,1009.8589285714286
CUST00282,7068.828,3,13,2356.2760000000003
CUST00328,7068.1885,5,13,1413.6377
CUST01441,7064.0465,6,10,1177.3410833333335
CUST01817,7062.51,4,10,1765.6275
CUST01671,7062.1885,8,12,882.7735625
CUST00535,7054.874500000001,4,10,1763.7186250000002
CUST01984,7046.73,5,11,1409.346
CUST01037,7043.1810000000005,4,12,1760.7952500000001
CUST00667,7043.0025000000005,6,16,1173.83375
CUST01151,7027.097,6,17,1171.1828333333333
CUST00131,7023.454999999999,5,10,1404.6909999999998
CUST01998,7015.6745,3,14,2338.5581666666667
CUST01127,7009.304,5,12,1401.8608
CUST00847,7007.5795,5,12,1401.5158999999999
CUST02027,6995.472,5,11,1399.0944
CUST01131,6983.764,5,14,1396.7528
CUST01631,6972.3705,6,18,1162.06175
CUST00993,6964.887499999999,3,12,2321.629166666666
CUST00254,6961.9275,6,11,1160.32125
CUST00240,6959.1225,4,9,1739.780625
CUST00953,6954.2789999999995,4,9,1738.5697499999999
CUST00368,6946.272000000001,5,12,1389.2544000000003
CUST01108,6933.5599999999995,2,7,3466.7799999999997
CUST01018,6928.0380000000005,7,11,989.7197142857143
CUST00094,6924.19,1,7,6924.19
CUST00714,6924.07,7,12,989.1528571428571
CUST00521,6922.972,4,8,1730.743
CUST01699,6922.4495,6,10,1153.7415833333332
CUST01473,6902.31,3,10,2300.77
CUST02040,6900.2625,5,11,1380.0525
CUST02090,6893.7480000000005,5,11,1378.7496
CUST00804,6892.76,5,15,1378.5520000000001
CUST00429,6882.325,5,15,1376.465
CUST00367,6880.8135,5,11,1376.1627
CUST02132,6864.396500000001,3,14,2288.1321666666668
CUST00332,6859.540000000001,4,9,1714.8850000000002
CUST01771,6853.692999999999,4,15,1713.4232499999998
CUST01944,6852.555,6,11,1142.0925
CUST01304,6850.8215,4,13,1712.705375
CUST01118,6848.88,2,10,3424.44
CUST00677,6844.5095,4,11,1711.127375
CUST00886,6839.643,4,8,1709.91075
CUST00717,6825.999000000001,6,19,1137.6665
CUST01993,6812.842,3,10,2270.947333333333
CUST00213,6805.5914999999995,5,14,1361.1182999999999
CUST01062,6802.0625,5,15,1360.4125
CUST00910,6797.0175,7,13,971.0024999999999
CUST00144,6795.058,5,14,1359.0116
CUST00231,6793.73,6,14,1132.2883333333332
CUST01193,6790.7615,6,10,1131.7935833333333
CUST00959,6784.4845000000005,5,13,1356.8969000000002
CUST00528,6783.746,7,24,969.1065714285714
CUST00654,6776.8645,5,13,1355.3728999999998
CUST00976,6776.31,4,12,1694.0775
CUST01352,6771.1825,5,15,1354.2365
CUST01537,6763.525,5,12,1352.705
CUST00969,6759.287,5,10,1351.8574
CUST02084,6757.98,3,13,2252.66
CUST00979,6743.943,6,10,1123.9905
CUST00779,6731.294,4,10,1682.8235
CUST01907,6719.6325,6,14,1119.93875
CUST00110,6716.6015,5,16,1343.3202999999999
CUST00817,6714.6984999999995,4,10,1678.6746249999999
CUST00797,6713.9400000000005,4,10,1678.4850000000001
CUST01474,6712.744000000001,4,10,1678.1860000000001
CUST00665,6712.238,5,16,1342.4476
CUST00673,6701.5945,6,13,1116.9324166666668
CUST00451,6700.114,3,10,2233.371333333333
CUST00988,6684.8,3,8,2228.266666666667
CUST01778,6679.5115000000005,3,6,2226.5038333333337
CUST01316,6671.932,5,10,1334.3863999999999
CUST00515,6654.6015,6,10,1109.10025
CUST00547,6647.2175,5,10,1329.4434999999999
CUST00803,6640.8475,8,15,830.1059375
CUST01835,6637.099,4,10,1659.27475
CUST01367,6634.67,2,9,3317.335
CUST00089,6633.908,6,11,1105.6513333333335
CUST00398,6632.272,4,14,1658.068
CUST01654,6628.3330000000005,5,13,1325.6666
CUST00267,6613.6140000000005,3,10,2204.538
CUST00115,6612.307999999999,4,15,1653.0769999999998
CUST00642,6603.789999999999,3,9,2201.263333333333
CUST00469,6595.620499999999,4,6,1648.9051249999998
CUST01125,6593.271,5,14,1318.6542
CUST01903,6590.76,3,6,2196.92
CUST02159,6578.9625,5,10,1315.7925
CUST00136,6576.125,7,11,939.4464285714286
CUST00322,6575.685,1,5,6575.685
CUST01198,6574.013000000001,4,14,1643.5032500000002
CUST01159,6569.853000000001,5,15,1313.9706
CUST02187,6566.622,5,13,1313.3244
CUST01938,6564.5605,3,8,2188.186833333333
CUST00130,6561.109,5,12,1312.2218
CUST00764,6558.894,4,9,1639.7235
CUST01766,6551.927,5,13,1310.3854
CUST01753,6532.461,7,20,933.2087142857143
CUST00298,6528.1515,5,8,1305.6303
CUST01621,6526.1050000000005,4,10,1631.5262500000001
CUST01499,6510.246,5,7,1302.0492
CUST00297,6505.719999999999,3,11,2168.5733333333333
CUST00511,6502.639499999999,5,13,1300.5278999999998
CUST01152,6498.7825,5,12,1299.7565
CUST02077,6492.0755,4,8,1623.018875
CUST00214,6486.8904999999995,6,11,1081.1484166666667
CUST00761,6486.236,6,13,1081.0393333333334
CUST01946,6483.7495,5,12,1296.7499
CUST00990,6480.892,6,11,1080.1486666666667
CUST01157,6479.3859999999995,6,15,1079.8976666666665
CUST01739,6477.96,5,16,1295.592
CUST01608,6473.065500000001,3,9,2157.6885
CUST00479,6467.9710000000005,5,11,1293.5942
CUST01850,6458.920999999999,6,13,1076.4868333333332
CUST00190,6450.0779999999995,4,13,1612.5194999999999
CUST01626,6436.233499999999,3,11,2145.4111666666663
CUST00808,6421.313,7,12,917.3304285714286
CUST00349,6420.7635,4,11,1605.190875
CUST01889,6419.563999999999,5,8,1283.9127999999998
CUST01366,6418.272,4,11,1604.568
CUST00276,6410.0865,5,13,1282.0173
CUST00874,6402.585,3,9,2134.195
CUST01575,6400.45,4,10,1600.1125
CUST00944,6381.891499999999,5,7,1276.3782999999999
CUST01155,6375.103999999999,5,8,1275.0207999999998
CUST02118,6372.639499999999,2,7,3186.3197499999997
CUST01874,6370.905,3,13,2123.6349999999998
CUST00399,6364.4665,4,12,1591.116625
CUST00793,6363.825500000001,5,13,1272.7651
CUST00036,6356.5650000000005,4,9,1589.1412500000001
CUST00421,6355.914,5,10,1271.1828
CUST02037,6352.956999999999,5,14,1270.5913999999998
CUST01825,6350.08,4,10,1587.52
CUST01490,6341.4985,5,12,1268.2997
CUST00575,6338.062,3,13,2112.6873333333333
CUST00721,6331.532,7,13,904.5045714285715
CUST01006,6327.3875,4,14,1581.846875
CUST01075,6310.674,5,10,1262.1348
CUST00313,6302.8414999999995,5,9,1260.5683
CUST01475,6302.725,6,15,1050.4541666666667
CUST02012,6301.338,3,11,2100.446
CUST00043,6297.24,4,13,1574.31
CUST01539,6297.111999999999,4,7,1574.2779999999998
CUST00378,6287.4085000000005,4,12,1571.8521250000001
CUST01452,6284.528,4,13,1571.132
CUST01009,6280.2835,4,8,1570.070875
CUST00383,6278.211,4,11,1569.55275
CUST01564,6262.5575,3,9,2087.5191666666665
CUST00055,6252.8060000000005,2,10,3126.4030000000002
CUST00492,6244.2875,3,11,2081.429166666667
CUST00597,6239.445,7,12,891.3492857142857
CUST00464,6236.5575,6,11,1039.42625
CUST01438,6226.923000000001,4,9,1556.7307500000002
CUST00424,6209.345,5,10,1241.8690000000001
CUST00555,6202.904,2,6,3101.452
CUST00031,6183.235999999999,3,6,2061.0786666666663
CUST01937,6180.861,5,12,1236.1722
CUST02183,6175.4395,4,8,1543.859875
CUST02144,6169.464,5,13,1233.8928
CUST00138,6162.643,3,10,2054.2143333333333
CUST01239,6160.181,3,10,2053.3936666666664
CUST01994,6152.298500000001,6,10,1025.3830833333334
CUST00069,6142.813,3,8,2047.6043333333334
CUST00943,6141.59,2,9,3070.795
CUST00154,6132.576999999999,4,12,1533.1442499999998
CUST00220,6129.19,3,6,2043.0633333333333
CUST01091,6126.1449999999995,3,8,2042.0483333333332
CUST01263,6123.92,3,8,2041.3066666666666
CUST00470,6113.1645,6,9,1018.8607499999999
CUST01796,6110.260499999999,6,14,1018.3767499999999
CUST01341,6109.223,4,12,1527.30575
CUST00502,6087.622,4,9,1521.9055
CUST01979,6080.428,5,14,1216.0855999999999
CUST00012,6074.047,3,11,2024.6823333333332
CUST01931,6068.22,3,8,2022.74
CUST00723,6057.814,4,9,1514.4535
CUST00108,6048.024,6,12,1008.004
CUST00871,6043.798000000001,5,11,1208.7596
CUST00375,6027.553,4,12,1506.88825
CUST00245,6020.6265,6,12,1003.43775
CUST01638,6010.208,5,8,1202.0416
CUST01350,6001.0779999999995,6,13,1000.1796666666665
CUST00395,5985.4310000000005,5,14,1197.0862000000002
CUST01349,5974.678,4,6,1493.6695
CUST01461,5971.1095,6,8,995.1849166666666
CUST01966,5970.2015,4,14,1492.550375
CUST02190,5963.179,4,11,1490.79475
CUST00315,5961.917,4,6,1490.47925
CUST00097,5960.511,5,10,1192.1022
CUST00836,5920.533,3,5,1973.5110000000002
CUST00909,5910.231,2,9,2955.1155
CUST01891,5907.63,2,9,2953.815
CUST00284,5906.192499999999,6,15,984.3654166666665
CUST01557,5899.9025,2,11,2949.95125
CUST01273,5893.824,4,9,1473.456
CUST01168,5890.921,4,9,1472.73025
CUST00854,5885.873,6,7,980.9788333333332
CUST00536,5885.5,3,7,1961.8333333333333
CUST00557,5883.112000000001,3,8,1961.0373333333337
CUST02134,5881.2875,3,10,1960.4291666666668
CUST00143,5878.4505,5,11,1175.6901
CUST00388,5878.2415,4,11,1469.560375
CUST01548,5873.183499999999,4,11,1468.2958749999998
CUST01515,5867.22,5,10,1173.444
CUST01886,5866.084,3,9,1955.3613333333333
CUST01169,5852.2765,4,14,1463.069125
CUST01800,5848.91,3,8,1949.6366666666665
CUST01434,5846.591,8,11,730.823875
CUST00687,5840.476000000001,3,7,1946.8253333333334
CUST01914,5810.750999999999,4,9,1452.6877499999998
CUST00810,5796.225,1,5,5796.225
CUST00892,5795.9225,4,8,1448.980625
CUST00897,5795.86,5,10,1159.172
CUST02184,5794.238,2,5,2897.119
CUST00877,5787.8550000000005,5,9,1157.5710000000001
CUST00486,5785.276,3,13,1928.4253333333334
CUST00563,5784.915,3,7,1928.305
CUST00683,5780.3865,5,11,1156.0773
CUST01804,5776.248,3,8,1925.416
CUST00228,5773.6955,4,12,1443.423875
CUST01729,5773.5785,5,13,1154.7157
CUST00038,5746.759,6,21,957.7931666666667
CUST00109,5742.166499999999,3,7,1914.0554999999997
CUST01653,5732.041,7,16,818.863
CUST01829,5726.776999999999,3,5,1908.9256666666663
CUST01093,5717.6305,3,15,1905.8768333333335
CUST00286,5707.92,2,10,2853.96
CUST01391,5705.242,4,16,1426.3105
CUST01236,5686.834,3,6,1895.6113333333333
CUST01166,5682.53,5,13,1136.5059999999999
CUST00509,5676.755999999999,3,12,1892.2519999999997
CUST01432,5672.073,4,8,1418.01825
CUST01619,5671.34,4,12,1417.835
CUST00280,5665.1905,4,6,1416.297625
CUST00172,5649.085,4,14,1412.27125
CUST00025,5648.6155,3,11,1882.8718333333334
CUST01508,5644.285500000001,3,9,1881.4285000000002
CUST00888,5635.08,5,14,1127.016
CUST00020,5633.1325,4,9,1408.283125
CUST01230,5632.3745,7,9,804.6249285714285
CUST00268,5629.833,2,6,2814.9165
CUST00615,5627.46,5,17,1125.492
CUST00852,5625.096,4,14,1406.274
CUST00641,5623.639999999999,3,10,1874.5466666666664
CUST02143,5622.1945,5,8,1124.4388999999999
CUST01211,5620.189,5,13,1124.0378
CUST02048,5618.484,7,16,802.6405714285714
CUST02039,5616.611999999999,3,6,1872.2039999999997
CUST00833,5610.957999999999,4,14,1402.7394999999997
CUST01832,5603.425,4,10,1400.85625
CUST00532,5598.618,5,13,1119.7236
CUST00637,5597.73,2,6,2798.865
CUST01939,5593.871999999999,4,8,1398.4679999999998
CUST00023,5582.339,8,12,697.792375
CUST01146,5574.401,4,12,1393.60025
CUST01879,5562.59,5,9,1112.518
CUST00376,5558.813,4,7,1389.70325
CUST00102,5545.034,4,7,1386.2585
CUST02150,5542.5805,6,10,923.7634166666667
CUST00141,5534.651,3,9,1844.8836666666666
CUST01959,5513.067,2,8,2756.5335
CUST00860,5497.8695,4,13,1374.467375
CUST01568,5497.387,4,11,1374.34675
CUST01860,5495.7495,3,10,1831.9165
CUST00835,5493.507,5,11,1098.7014
CUST00065,5493.3065,5,9,1098.6613
CUST01681,5488.773499999999,3,10,1829.5911666666664
CUST01427,5482.494,3,8,1827.4979999999998
CUST01688,5477.83,3,5,1825.9433333333334
CUST01625,5475.978999999999,5,13,1095.1958
CUST02147,5473.8335,4,9,1368.458375
CUST00301,5464.062,3,8,1821.354
CUST01868,5455.001,5,12,1091.0002
CUST00307,5453.559,6,9,908.9265
CUST00855,5449.71,3,9,1816.57
CUST01789,5444.463,3,9,1814.821
CUST02174,5441.394,4,11,1360.3485
CUST00745,5438.1849999999995,3,8,1812.7283333333332
CUST00573,5435.4400000000005,3,13,1811.8133333333335
CUST01472,5416.79,5,12,1083.358
CUST00396,5416.59,3,12,1805.53
CUST00318,5412.407999999999,5,13,1082.4815999999998
CUST01991,5408.4529999999995,4,11,1352.1132499999999
CUST01170,5407.031,5,8,1081.4062
CUST00481,5401.5244999999995,6,11,900.2540833333333
CUST00507,5397.940500000001,6,10,899.6567500000001
CUST01936,5397.589,5,9,1079.5178
CUST00166,5383.3655,2,5,2691.68275
CUST00633,5380.816,5,8,1076.1632
CUST01040,5378.241999999999,3,11,1792.747333333333
CUST01806,5372.6375,1,5,5372.6375
CUST00074,5369.483,4,10,1342.37075
CUST01007,5368.166,2,8,2684.083
CUST01177,5365.4400000000005,2,10,2682.7200000000003
CUST02155,5351.8730000000005,6,13,891.9788333333335
CUST01410,5338.5775,5,8,1067.7155
CUST00111,5331.989,5,7,1066.3978
CUST00241,5307.1535,4,6,1326.788375
CUST01187,5306.0824999999995,1,5,5306.0824999999995
CUST00812,5305.851000000001,6,12,884.3085000000001
CUST01014,5297.7365,5,9,1059.5473
CUST00732,5288.719999999999,3,8,1762.9066666666665
CUST01524,5283.4545,7,17,754.7792142857143
CUST00710,5282.3189999999995,6,14,880.3865
CUST01218,5280.1525,4,8,1320.038125
CUST01904,5271.816,1,4,5271.816
CUST02073,5256.326,4,11,1314.0815
CUST01985,5229.82,2,6,2614.91
CUST01940,5223.507,4,9,1305.87675
CUST00726,5220.321,3,10,1740.107
CUST00544,5196.749,5,13,1039.3498
CUST01412,5196.192,4,7,1299.048
CUST01145,5193.438,3,10,1731.146
CUST01167,5188.0205,5,11,1037.6041
CUST00351,5179.85,3,9,1726.6166666666668
CUST00598,5172.933999999999,5,8,1034.5867999999998
CUST00271,5169.2565,6,8,861.5427500000001
CUST00076,5165.139999999999,3,7,1721.7133333333331
CUST01779,5155.5599999999995,1,6,5155.5599999999995
CUST01791,5136.4085,3,6,1712.1361666666664
CUST00882,5134.802,5,12,1026.9604
CUST02173,5134.37,3,7,1711.4566666666667
CUST01319,5134.127,4,8,1283.53175
CUST01329,5128.5725,5,10,1025.7145
CUST01708,5128.515,6,17,854.7525
CUST02185,5124.443,6,15,854.0738333333334
CUST01900,5115.636,3,6,1705.2120000000002
CUST00940,5112.104,3,7,1704.0346666666667
CUST00468,5109.1975,3,6,1703.0658333333333
CUST00887,5097.7,4,9,1274.425
CUST00937,5087.7775,5,11,1017.5555
CUST01859,5071.921,5,9,1014.3842000000001
CUST02175,5061.357,5,11,1012.2714
CUST00513,5059.5599999999995,5,8,1011.9119999999999
CUST00771,5058.16,3,7,1686.0533333333333
CUST02171,5056.1225,6,11,842.6870833333334
CUST01881,5048.09,4,9,1262.0225
CUST00674,5032.933,5,8,1006.5866
CUST00562,5032.714,4,9,1258.1785
CUST01242,5028.052,4,9,1257.013
CUST00553,5026.8715,4,8,1256.717875
CUST01556,5023.6404999999995,5,7,1004.7280999999999
CUST00317,5020.485000000001,4,6,1255.1212500000001
CUST01484,5014.165,3,5,1671.3883333333333
CUST00534,5009.9495,5,13,1001.9898999999999
CUST01315,5006.344,2,9,2503.172
CUST01403,4994.657499999999,2,9,2497.3287499999997
CUST01024,4993.5045,6,9,832.25075
CUST01029,4973.739,5,13,994.7477999999999
CUST01911,4973.239,4,11,1243.30975
CUST00837,4971.4169999999995,5,13,994.2833999999999
CUST00861,4970.989,7,13,710.1412857142857
CUST00844,4967.769,5,11,993.5538
CUST01251,4964.046,3,10,1654.682
CUST01045,4948.872,5,11,989.7744
CUST00078,4946.093,4,6,1236.52325
CUST01184,4938.5995,5,6,987.7199
CUST00249,4923.1975,5,9,984.6395
CUST00119,4910.775,3,11,1636.925
CUST01042,4908.487,4,7,1227.12175
CUST00476,4890.599,3,7,1630.1996666666666
CUST01822,4890.373,4,8,1222.59325
CUST02136,4884.089,4,9,1221.02225
CUST02054,4880.3895,5,10,976.0779
CUST01219,4876.8205,5,11,975.3641
CUST01749,4858.4794999999995,2,5,2429.2397499999997
CUST01254,4856.835,3,6,1618.945
CUST02133,4843.651,3,8,1614.5503333333334
CUST00394,4843.23,4,8,1210.8075
CUST00164,4841.62,2,5,2420.81
CUST00605,4841.095,6,20,806.8491666666667
CUST00265,4840.72,3,5,1613.5733333333335
CUST01052,4829.7245,4,10,1207.431125
CUST01094,4784.442999999999,3,10,1594.814333333333
CUST01384,4779.42,5,8,955.884
CUST01934,4768.105,3,8,1589.368333333333
CUST01878,4765.763,3,11,1588.5876666666666
CUST00691,4765.3814999999995,4,7,1191.3453749999999
CUST01321,4757.7705,3,12,1585.9234999999999
CUST01423,4757.398999999999,4,7,1189.3497499999999
CUST01313,4753.004,3,7,1584.3346666666666
CUST01892,4742.886,4,9,1185.7215
CUST01083,4736.931,2,11,2368.4655
CUST00397,4714.578,2,7,2357.289
CUST01466,4714.0,3,10,1571.3333333333333
CUST00345,4706.6265,2,5,2353.31325
CUST00912,4703.826,4,8,1175.9565
CUST00831,4695.161999999999,2,8,2347.5809999999997
CUST02193,4694.2885,7,10,670.6126428571428
CUST00747,4687.207,5,9,937.4414
CUST00775,4685.464,4,7,1171.366
CUST01670,4681.8135,4,11,1170.453375
CUST00251,4674.8,5,8,934.96
CUST00004,4670.4275,3,7,1556.8091666666667
CUST01954,4657.249,3,7,1552.4163333333333
CUST01205,4652.643,4,7,1163.16075
CUST01332,4637.737499999999,4,7,1159.4343749999998
CUST00198,4634.032999999999,8,15,579.2541249999999
CUST00086,4633.932500000001,5,11,926.7865000000002
CUST00377,4619.614,4,9,1154.9035
CUST01389,4619.177,3,7,1539.7256666666665
CUST00056,4616.0485,4,10,1154.012125
CUST00067,4613.8,4,10,1153.45
CUST00183,4605.9400000000005,2,5,2302.9700000000003
CUST01458,4600.4855,5,9,920.0971
CUST02114,4598.987999999999,3,11,1532.9959999999999
CUST02063,4593.439,4,8,1148.35975
CUST02044,4590.9214999999995,6,9,765.1535833333332
CUST01217,4567.052,5,11,913.4104
CUST00733,4565.360000000001,5,10,913.0720000000001
CUST00570,4563.54,4,5,1140.885
CUST01606,4545.986,4,7,1136.4965
CUST01902,4537.84,3,12,1512.6133333333335
CUST01363,4526.61,2,7,2263.305
CUST01542,4524.7325,5,12,904.9465
CUST01770,4518.405,3,9,1506.135
CUST01289,4518.348,4,10,1129.587
CUST01380,4504.022,6,11,750.6703333333334
CUST01517,4501.5779999999995,2,7,2250.7889999999998
CUST01123,4487.2005,6,6,747.86675
CUST02078,4483.372,3,7,1494.4573333333335
CUST00232,4477.251499999999,3,6,1492.4171666666664
CUST00685,4468.4245,3,5,1489.4748333333334
CUST01182,4454.006,5,6,890.8012000000001
CUST01826,4443.09,2,6,2221.545
CUST00778,4437.023999999999,2,4,2218.5119999999997
CUST01279,4430.26,5,12,886.052
CUST00184,4426.5725,3,9,1475.5241666666668
CUST00073,4420.812,4,5,1105.203
CUST01099,4416.2195,5,8,883.2439
CUST00217,4408.955,5,9,881.7909999999999
CUST01139,4402.154,5,8,880.4308000000001
CUST01425,4396.134,4,6,1099.0335
CUST00873,4395.861000000001,3,7,1465.2870000000003
CUST00034,4391.129,4,9,1097.78225
CUST02188,4388.2245,2,9,2194.11225
CUST00905,4384.136,3,8,1461.3786666666667
CUST00681,4379.165,3,12,1459.7216666666666
CUST00230,4375.7245,3,6,1458.5748333333333
CUST00869,4375.714,3,7,1458.5713333333333
CUST00580,4368.35,6,8,728.0583333333334
CUST01370,4367.254999999999,3,5,1455.7516666666663
CUST01197,4366.1,4,8,1091.525
CUST00195,4361.108,4,6,1090.277
CUST01420,4359.523499999999,2,6,2179.7617499999997
CUST01897,4350.827,4,5,1087.70675
CUST00432,4337.6179999999995,6,6,722.9363333333332
CUST00867,4335.377,4,6,1083.84425
CUST01132,4333.082,3,12,1444.3606666666667
CUST01500,4322.539000000001,3,6,1440.8463333333336
CUST00180,4317.66,1,3,4317.66
CUST00701,4311.5160000000005,4,9,1077.8790000000001
CUST00653,4308.731,4,12,1077.18275
CUST01121,4306.388,2,9,2153.194
CUST01604,4302.968,4,6,1075.742
CUST01730,4302.0275,2,10,2151.01375
CUST00060,4296.83,5,9,859.366
CUST01882,4286.96,3,9,1428.9866666666667
CUST02076,4285.443,4,8,1071.36075
CUST01344,4282.94,2,4,2141.47
CUST00962,4276.082,2,8,2138.041
CUST02103,4275.566,3,12,1425.1886666666667
CUST00093,4275.223,4,8,1068.80575
CUST02197,4273.055,7,11,610.4364285714286
CUST01801,4268.172,3,7,1422.724
CUST00923,4265.317999999999,3,7,1421.7726666666665
CUST00739,4264.451,3,11,1421.4836666666667
CUST01922,4260.6825,4,7,1065.170625
CUST01834,4260.5199999999995,5,8,852.1039999999999
CUST01971,4257.876,4,12,1064.469
CUST00471,4253.989,4,6,1063.49725
CUST00174,4248.468000000001,1,4,4248.468000000001
CUST00208,4246.258,4,5,1061.5645
CUST01163,4238.4545,4,5,1059.613625
CUST00601,4234.4445,4,7,1058.611125
CUST00051,4229.161,4,9,1057.29025
CUST02028,4225.752,4,9,1056.438
CUST02088,4222.97,3,5,1407.6566666666668
CUST02169,4219.576,3,6,1406.5253333333333
CUST01660,4207.844,3,9,1402.6146666666666
CUST00079,4206.716,4,7,1051.679
CUST01748,4200.669,3,6,1400.223
CUST01033,4191.75,3,7,1397.25
CUST01225,4191.63,3,7,1397.21
CUST00530,4178.562,2,4,2089.281
CUST01666,4175.496,3,10,1391.832
CUST02116,4166.2135,4,9,1041.553375
CUST00210,4166.211,2,4,2083.1055
CUST00450,4159.782499999999,4,9,1039.9456249999998
CUST01437,4155.411999999999,3,5,1385.1373333333331
CUST01126,4146.321,4,7,1036.58025
CUST01180,4143.364,2,8,2071.682
CUST00285,4141.956,3,7,1380.652
CUST01918,4141.029,5,6,828.2058000000001
CUST01338,4123.42,4,6,1030.855
CUST00379,4117.872,2,4,2058.936
CUST00019,4115.734,3,10,1371.9113333333335
CUST01663,4097.804,3,7,1365.9346666666668
CUST02186,4080.7335,6,8,680.12225
CUST01488,4068.7875,4,7,1017.196875
CUST01702,4063.06,3,10,1354.3533333333332
CUST00499,4057.8759999999997,3,7,1352.6253333333332
CUST00754,4055.7529999999997,2,4,2027.8764999999999
CUST01409,4044.523,3,9,1348.1743333333334
CUST00872,4038.9900000000002,2,7,2019.4950000000001
CUST01821,4037.9750000000004,2,5,2018.9875000000002
CUST00823,4029.2189999999996,4,8,1007.3047499999999
CUST01648,4023.165,3,10,1341.055
CUST01012,4020.441,5,7,804.0881999999999
CUST00724,4015.634,6,10,669.2723333333333
CUST00371,4015.6125,4,5,1003.903125
CUST01023,4010.5925,4,8,1002.648125
CUST01842,4009.8639999999996,4,6,1002.4659999999999
CUST01253,4000.0969999999998,5,8,800.0193999999999
CUST00128,3976.4610000000002,6,9,662.7435
CUST01976,3971.5775000000003,5,10,794.3155
CUST00472,3960.55,1,5,3960.55
CUST00192,3958.751,4,7,989.68775
CUST00412,3954.049,5,10,790.8098
CUST00627,3950.414,3,6,1316.8046666666667
CUST01039,3927.901,3,9,1309.3003333333334
CUST01781,3915.8585,3,12,1305.2861666666665
CUST02036,3905.04,2,5,1952.52
CUST01896,3901.257,5,8,780.2514
CUST01503,3889.2219999999998,6,10,648.2036666666667
CUST01794,3884.388,2,7,1942.194
CUST00092,3879.001,5,7,775.8002
CUST02110,3869.668,3,9,1289.8893333333333
CUST00542,3865.707,5,8,773.1414
CUST00822,3847.6039999999994,3,8,1282.5346666666665
CUST01455,3846.122,3,7,1282.0406666666665
CUST00763,3842.2799999999997,1,3,3842.2799999999997
CUST00326,3839.9069999999997,2,4,1919.9534999999998
CUST00702,3834.904,3,6,1278.3013333333333
CUST01278,3834.8975,4,10,958.724375
CUST02194,3824.1059999999998,4,5,956.0264999999999
CUST00257,3814.2879999999996,5,6,762.8575999999999
CUST01913,3809.066,3,6,1269.6886666666667
CUST00386,3804.7999999999997,4,6,951.1999999999999
CUST01293,3795.2225,2,6,1897.61125
CUST01848,3791.908,4,6,947.977
CUST00983,3787.5860000000002,3,5,1262.5286666666668
CUST01705,3776.7685,3,7,1258.9228333333333
CUST01637,3775.781,5,9,755.1562
CUST00624,3765.24,2,6,1882.62
CUST01906,3753.533,3,9,1251.1776666666667
CUST02121,3748.459,3,5,1249.4863333333333
CUST01001,3727.486,5,8,745.4972
CUST00594,3716.6245,5,7,743.3249
CUST01283,3710.61,4,6,927.6525
CUST00002,3708.3115,5,6,741.6623
CUST02099,3708.3,4,5,927.075
CUST00820,3699.411,4,6,924.85275
CUST00750,3698.192,3,6,1232.7306666666666
CUST01092,3696.467,4,7,924.11675
CUST02087,3676.8810000000003,4,10,919.2202500000001
CUST00946,3655.6359999999995,4,5,913.9089999999999
CUST00850,3644.6279999999997,4,6,911.1569999999999
CUST01105,3642.8865,6,8,607.14775
CUST00260,3634.3905,3,7,1211.4635
CUST00762,3620.3869999999997,2,5,1810.1934999999999
CUST01231,3617.536,4,5,904.384
CUST01908,3616.687,5,11,723.3374
CUST01424,3574.2789999999995,3,7,1191.426333333333
CUST01084,3573.3894999999998,3,12,1191.1298333333332
CUST01190,3529.275,3,4,1176.425
CUST02059,3519.9489999999996,2,3,1759.9744999999998
CUST00801,3514.3559999999998,2,5,1757.1779999999999
CUST00670,3508.316,2,5,1754.158
CUST00381,3508.041,4,11,877.01025
CUST00188,3501.031,4,7,875.25775
CUST00567,3499.781,4,4,874.94525
CUST00541,3499.18,3,5,1166.3933333333332
CUST01820,3499.1050000000005,4,5,874.7762500000001
CUST02138,3498.3224999999998,5,5,699.6645
CUST01757,3487.633,3,5,1162.5443333333333
CUST00827,3482.0795,6,9,580.3465833333333
CUST01769,3463.942,3,6,1154.6473333333333
CUST00577,3463.0299999999997,2,5,1731.5149999999999
CUST00248,3460.4700000000003,2,7,1730.2350000000001
CUST01613,3460.1530000000002,4,5,865.0382500000001
CUST01890,3457.9709999999995,3,7,1152.657
CUST00986,3453.3680000000004,3,9,1151.1226666666669
CUST01482,3445.5199999999995,4,10,861.3799999999999
CUST01633,3440.0699999999997,2,8,1720.0349999999999
CUST01492,3433.51,5,7,686.702
CUST00162,3432.27,4,6,858.0675
CUST00978,3411.1499999999996,2,3,1705.5749999999998
CUST00900,3389.7325,3,5,1129.9108333333334
CUST01876,3384.7,3,6,1128.2333333333333
CUST01103,3369.0905000000002,3,7,1123.0301666666667
CUST00032,3364.991,4,7,841.24775
CUST01790,3334.9845,2,5,1667.49225
CUST00081,3327.225,4,5,831.80625
CUST01336,3326.662,3,6,1108.8873333333333
CUST02066,3325.523,2,8,1662.7615
CUST00524,3320.0964999999997,4,6,830.0241249999999
CUST00858,3315.15,1,5,3315.15
CUST00209,3306.3630000000003,4,5,826.5907500000001
CUST01261,3304.06,3,5,1101.3533333333332
CUST01050,3296.08,3,6,1098.6933333333334
CUST00955,3286.166,3,6,1095.3886666666667
CUST01081,3281.425,3,6,1093.8083333333334
CUST01561,3273.152,4,7,818.288
CUST00324,3267.929,3,7,1089.3096666666668
CUST00497,3266.0460000000003,2,6,1633.0230000000001
CUST00740,3255.8265,5,8,651.1653
CUST00842,3254.633,4,5,813.65825
CUST00711,3216.698,3,7,1072.2326666666665
CUST01082,3207.2380000000003,2,5,1603.6190000000001
CUST02141,3198.592,4,5,799.648
CUST00876,3194.638,4,6,798.6595
CUST00287,3183.9890000000005,5,8,636.7978
CUST01558,3182.8,1,8,3182.8
CUST00824,3177.201,3,6,1059.067
CUST00599,3142.0374999999995,2,7,1571.0187499999997
CUST00989,3138.0505000000003,2,9,1569.0252500000001
CUST01495,3111.9215,3,8,1037.3071666666667
CUST02177,3106.2895,3,7,1035.4298333333334
CUST00508,3090.843,3,4,1030.281
CUST01374,3090.5080000000003,4,10,772.6270000000001
CUST00504,3079.083,2,3,1539.5415
CUST01601,3077.2889999999998,6,8,512.8815
CUST00704,3061.8,1,7,3061.8
CUST00525,3059.622,3,9,1019.8739999999999
CUST01588,3057.719,4,6,764.42975
CUST01620,3051.024,3,7,1017.0079999999999
CUST01719,3042.9545,2,4,1521.47725
CUST00199,3040.4619999999995,3,4,1013.4873333333331
CUST00694,3022.5640000000003,2,6,1511.2820000000002
CUST00057,2996.1459999999997,2,2,1498.0729999999999
CUST00660,2988.2,3,5,996.0666666666666
CUST01346,2977.326,2,3,1488.663
CUST01798,2970.1,3,6,990.0333333333333
CUST02198,2968.1485000000002,3,4,989.3828333333335
CUST00848,2967.52,1,4,2967.52
CUST00402,2967.288,3,11,989.096
CUST00437,2966.582,4,8,741.6455
CUST00568,2947.8720000000003,4,5,736.9680000000001
CUST01296,2947.7210000000005,3,8,982.5736666666668
CUST01096,2940.82,3,5,980.2733333333334
CUST01964,2936.1800000000003,3,6,978.7266666666668
CUST00705,2928.0535,3,6,976.0178333333333
CUST01516,2902.158,3,7,967.386
CUST00730,2866.3179999999998,2,6,1433.1589999999999
CUST00550,2863.178,4,7,715.7945
CUST00756,2856.475,3,4,952.1583333333333
CUST01087,2855.8999999999996,3,3,951.9666666666666
CUST01665,2854.296,2,5,1427.148
CUST00783,2848.758,2,5,1424.379
CUST01330,2839.852,2,4,1419.926
CUST01839,2838.5875,5,7,567.7175
CUST00439,2793.3035,3,7,931.1011666666667
CUST01818,2791.98,1,3,2791.98
CUST00617,2788.704,1,2,2788.704
CUST00839,2785.25,1,5,2785.25
CUST00054,2784.2470000000003,4,10,696.0617500000001
CUST01683,2775.9315,4,6,693.982875
CUST00350,2773.888,3,5,924.6293333333333
CUST01088,2765.264,5,6,553.0528
CUST01381,2763.355,3,4,921.1183333333333
CUST01364,2757.996,3,4,919.332
CUST00091,2755.536,2,7,1377.768
CUST01308,2747.241,3,8,915.747
CUST00088,2727.361,2,4,1363.6805
CUST00221,2693.769,3,7,897.9229999999999
CUST00618,2691.099,4,6,672.77475
CUST01617,2678.513,4,6,669.62825
CUST02119,2673.01,4,6,668.2525
CUST01402,2629.05,2,4,1314.525
CUST00548,2627.888,3,5,875.9626666666667
CUST00435,2614.17,3,10,871.39
CUST02071,2593.027,2,5,1296.5135
CUST01756,2572.2464999999997,5,5,514.4493
CUST00564,2562.227,3,5,854.0756666666666
CUST01728,2546.9035,4,7,636.725875
CUST00896,2544.3885,4,5,636.097125
CUST00595,2540.929,3,4,846.9763333333334
CUST00452,2540.4294999999997,3,5,846.8098333333332
CUST01957,2519.313,2,3,1259.6565
CUST01827,2508.262,2,4,1254.131
CUST00948,2508.019,3,6,836.0063333333333
CUST02023,2503.23,2,4,1251.615
CUST01924,2500.6659999999997,2,4,1250.3329999999999
CUST02123,2494.7625,5,6,498.9525
CUST01525,2466.8950000000004,3,5,822.2983333333335
CUST00387,2457.79,3,4,819.2633333333333
CUST01772,2453.042,3,6,817.6806666666666
CUST00743,2450.3905,3,5,816.7968333333333
CUST00994,2419.9085,2,4,1209.95425
CUST01086,2407.462,2,4,1203.731
CUST00505,2401.36,1,4,2401.36
CUST00140,2389.6974999999998,2,9,1194.8487499999999
CUST01690,2366.7349999999997,1,7,2366.7349999999997
CUST00950,2338.888,2,5,1169.444
CUST00522,2322.27,1,3,2322.27
CUST00884,2309.4700000000003,2,3,1154.7350000000001
CUST00303,2303.682,3,3,767.8939999999999
CUST00491,2300.759,3,4,766.9196666666667
CUST00404,2299.098,2,3,1149.549
CUST01955,2295.71,3,5,765.2366666666667
CUST00218,2290.7325,4,7,572.683125
CUST00272,2259.1369999999997,3,4,753.0456666666665
CUST01788,2222.786,4,5,555.6965
CUST01493,2220.7030000000004,3,4,740.2343333333334
CUST00870,2220.2780000000002,2,4,1110.1390000000001
CUST00935,2211.1059999999998,1,4,2211.1059999999998
CUST00849,2200.464,2,7,1100.232
CUST01202,2199.44,2,4,1099.72
CUST00126,2176.284,2,3,1088.142
CUST01191,2171.076,2,3,1085.538
CUST01417,2165.8325,2,5,1082.91625
CUST01307,2158.111,3,5,719.3703333333333
CUST01531,2157.23,3,7,719.0766666666667
CUST00246,2143.48,1,4,2143.48
CUST01028,2139.4919999999997,2,6,1069.7459999999999
CUST01494,2133.0985,4,9,533.274625
CUST01335,2112.6005,4,4,528.150125
CUST00780,2110.79,3,5,703.5966666666667
CUST01154,2096.02,1,2,2096.02
CUST02033,2077.5645,4,4,519.391125
CUST01742,2069.093,2,3,1034.5465
CUST01299,2057.558,4,6,514.3895
CUST00463,2053.1090000000004,3,3,684.3696666666668
CUST01195,2050.594,1,2,2050.594
CUST01136,2048.341,2,9,1024.1705
CUST00958,2014.4654999999998,2,2,1007.2327499999999
CUST02081,2010.511,3,6,670.1703333333334
CUST02096,1971.4650000000001,2,7,985.7325000000001
CUST01655,1968.1920000000002,1,3,1968.1920000000002
CUST01238,1963.75,2,6,981.875
CUST01786,1962.8775,2,3,981.43875
CUST00185,1952.3600000000001,2,2,976.1800000000001
CUST00407,1950.7359999999999,2,4,975.3679999999999
CUST00384,1944.403,1,2,1944.403
CUST01741,1915.6109999999999,2,2,957.8054999999999
CUST02024,1910.0,1,2,1910.0
CUST01479,1893.446,2,3,946.723
CUST00197,1885.82,3,5,628.6066666666667
CUST00662,1870.31,3,3,623.4366666666666
CUST00259,1862.3250000000003,2,2,931.1625000000001
CUST01333,1856.7799999999997,2,5,928.3899999999999
CUST00686,1836.7800000000002,2,8,918.3900000000001
CUST01286,1829.84,1,4,1829.84
CUST01862,1825.104,4,4,456.276
CUST01677,1816.9105,3,3,605.6368333333334
CUST00304,1806.9575,2,2,903.47875
CUST00311,1801.52,2,3,900.76
CUST00939,1786.4719999999998,2,3,893.2359999999999
CUST01669,1784.8799999999999,2,2,892.4399999999999
CUST01583,1747.373,2,4,873.6865
CUST01642,1745.6725,1,5,1745.6725
CUST01228,1740.123,2,6,870.0615
CUST00602,1738.8830000000003,3,5,579.6276666666668
CUST02126,1733.5900000000001,2,3,866.7950000000001
CUST01598,1662.324,2,3,831.162
CUST00774,1620.6855,3,3,540.2285
CUST01709,1602.26,2,4,801.13
CUST02010,1599.8184999999999,2,2,799.9092499999999
CUST00239,1576.7514999999999,2,2,788.3757499999999
CUST01435,1555.8305,3,6,518.6101666666667
CUST00017,1516.3269999999998,3,4,505.44233333333324
CUST00330,1487.343,4,4,371.83575
CUST02013,1483.142,2,2,741.571
CUST00302,1469.682,1,1,1469.682
CUST00137,1430.282,1,1,1430.282
CUST01546,1424.93,1,1,1424.93
CUST00040,1407.54,2,4,703.77
CUST00916,1406.021,2,3,703.0105
CUST00845,1405.6920000000002,1,1,1405.6920000000002
CUST00566,1393.705,2,4,696.8525
CUST00018,1388.7240000000002,2,2,694.3620000000001
CUST01856,1382.8654999999999,3,4,460.9551666666666
CUST01048,1381.663,2,3,690.8315
CUST00107,1378.7934999999998,1,1,1378.7934999999998
CUST01226,1347.3470000000002,3,4,449.11566666666675
CUST01609,1335.159,2,2,667.5795
CUST01212,1317.797,2,3,658.8985
CUST00415,1315.69,1,1,1315.69
CUST00840,1283.8625000000002,2,3,641.9312500000001
CUST01066,1274.812,2,5,637.406
CUST00346,1257.724,1,2,1257.724
CUST02043,1215.9305,2,2,607.96525
CUST01404,1212.93,1,3,1212.93
CUST00300,1210.409,2,3,605.2045
CUST00933,1198.72,1,1,1198.72
CUST01203,1198.356,2,4,599.178
CUST00516,1188.189,1,3,1188.189
CUST00698,1183.31,2,2,591.655
CUST01089,1144.2600000000002,2,3,572.1300000000001
CUST00621,1140.74,2,4,570.37
CUST00722,1100.959,3,5,366.98633333333333
CUST02015,1089.973,2,2,544.9865
CUST00926,1075.04,2,2,537.52
CUST00830,1063.9144999999999,2,3,531.9572499999999
CUST01773,1055.23,1,1,1055.23
CUST01987,1047.872,1,7,1047.872
CUST01265,1043.1200000000001,1,2,1043.1200000000001
CUST01339,1028.288,1,2,1028.288
CUST00493,1011.8580000000001,2,4,505.92900000000003
CUST00139,979.872,1,3,979.872
CUST00027,970.5219999999999,2,2,485.26099999999997
CUST00006,950.2565,2,3,475.12825
CUST01186,948.384,2,4,474.192
CUST00649,928.53,1,1,928.53
CUST00648,888.5564999999999,2,2,444.27824999999996
CUST01622,865.6685,2,3,432.83425
CUST00152,816.361,2,2,408.1805
CUST00256,782.016,2,3,391.008
CUST00061,752.1054999999999,2,3,376.05274999999995
CUST00263,742.9590000000001,1,3,742.9590000000001
CUST01569,727.76,1,1,727.76
CUST01672,704.4345,1,3,704.4345
CUST01453,699.9034999999999,2,3,349.95174999999995
CUST00815,698.82,1,1,698.82
CUST02061,690.45,1,1,690.45
CUST00818,682.11,1,1,682.11
CUST01112,674.12,1,2,674.12
CUST00045,630.77,1,1,630.77
CUST00715,607.031,1,1,607.031
CUST01199,599.148,1,2,599.148
CUST01566,544.21,1,1,544.21
CUST01436,529.59,1,1,529.59
CUST01106,524.2545,1,1,524.2545
CUST01885,513.711,1,1,513.711
CUST00427,494.10499999999996,1,2,494.10499999999996
CUST00682,481.554,1,2,481.554
CUST02091,468.806,1,2,468.806
CUST01354,462.346,1,1,462.346
CUST00296,429.85,1,1,429.85
CUST00014,415.467,1,1,415.467
CUST02053,414.884,1,1,414.884
CUST02097,379.06899999999996,1,2,379.06899999999996
CUST00613,373.133,1,1,373.133
CUST01439,337.62,1,2,337.62
CUST01803,331.04,1,1,331.04
CUST01721,277.62300000000005,1,1,277.62300000000005
CUST00559,217.8635,1,1,217.8635
CUST00416,192.015,1,1,192.015
CUST00186,186.74,1,1,186.74
